id,title,poll_org,client_org,date_range,sample_size,url,source,regionKey,municipality,electionType,nttId
15639,경상북도 예천군    기초단체장선거 정당지지도,모노커뮤니케이션즈(모노리서치),인터넷언론 : 예천인터넷신문,2026-03-15 13:53 ~ 2026-03-16 20:31,전체,https://www.nesdc.go.kr/portal/bbs/B0000005/view.do?nttId=17719&menuNo=200467&searchTime=&sdate=&edate=&pdate=&pollGubuncd=&searchCnd=&searchWrd=&pageIndex=1,출처: 중앙선거여론조사심의위원회,gyeongbuk,예천군,mayor,17719
15638,경기도 연천군    정당지지도 기초단체장선거,(주)리얼미터,구·시·군단위 신문 : 연천신문,2026-03-12 11:40 ~ 2026-03-13 18:50,전체,https://www.nesdc.go.kr/portal/bbs/B0000005/view.do?nttId=17716&menuNo=200467&searchTime=&sdate=&edate=&pdate=&pollGubuncd=&searchCnd=&searchWrd=&pageIndex=1,출처: 중앙선거여론조사심의위원회,gyeonggi,연천군,mayor,17716
15634,전북특별자치도 익산시    기초단체장선거 정당지지도 지역 현안,케이스탯리서치,시·도단위 신문/방송사/시·도단위 신문 : 전북일보/JTV/전라일보,2026-03-13 10:00 ~ 2026-03-14 21:00,전체,https://www.nesdc.go.kr/portal/bbs/B0000005/view.do?nttId=17712&menuNo=200467&searchTime=&sdate=&edate=&pdate=&pollGubuncd=&searchCnd=&searchWrd=&pageIndex=1,출처: 중앙선거여론조사심의위원회,jeonbuk,익산시,mayor,17712
15633,전북특별자치도 군산시    기초단체장선거 정당지지도 국회의원선거 지역 현안,케이스탯리서치,시·도단위 신문/방송사/시·도단위 신문 : 전북일보/JTV/전라일보,2026-03-13 10:00 ~ 2026-03-14 21:00,전체,https://www.nesdc.go.kr/portal/bbs/B0000005/view.do?nttId=17711&menuNo=200467&searchTime=&sdate=&edate=&pdate=&pollGubuncd=&searchCnd=&searchWrd=&pageIndex=1,출처: 중앙선거여론조사심의위원회,jeonbuk,군산시,mayor,17711
15632,전북특별자치도 전주시    기초단체장선거 정당지지도 지역 현안,케이스탯리서치,시·도단위 신문/방송사/시·도단위 신문 : 전북일보/JTV/전라일보,2026-03-13 10:00 ~ 2026-03-14 21:00,전체,https://www.nesdc.go.kr/portal/bbs/B0000005/view.do?nttId=17710&menuNo=200467&searchTime=&sdate=&edate=&pdate=&pollGubuncd=&searchCnd=&searchWrd=&pageIndex=1,출처: 중앙선거여론조사심의위원회,jeonbuk,전주시,mayor,17710
15631,"전북특별자치도 전체    광역단체장선거 교육감선거 정당지지도, 지역 현안, 국정 현안 등",케이스탯리서치,시·도단위 신문/방송사/시·도단위 신문 : 전북일보/JTV/전라일보,2026-03-13 10:00 ~ 2026-03-14 21:00,전체,https://www.nesdc.go.kr/portal/bbs/B0000005/view.do?nttId=17709&menuNo=200467&searchTime=&sdate=&edate=&pdate=&pollGubuncd=&searchCnd=&searchWrd=&pageIndex=1,출처: 중앙선거여론조사심의위원회,jeonbuk,,governor,17709
15627,대구광역시 북구    정당지지도 기초단체장선거,(주)리얼미터,시·도단위 신문 : 영남일보,2026-03-14 10:40 ~ 2026-03-15 21:00,전체,https://www.nesdc.go.kr/portal/bbs/B0000005/view.do?nttId=17705&menuNo=200467&searchTime=&sdate=&edate=&pdate=&pollGubuncd=&searchCnd=&searchWrd=&pageIndex=1,출처: 중앙선거여론조사심의위원회,daegu,,mayor,17705
15626,경기도 오산시    기초단체장선거 정당지지도,(주)데일리리서치,시·도단위 신문 : 중부일보,2026-03-14 11:00 ~ 2026-03-15 21:00,전체,https://www.nesdc.go.kr/portal/bbs/B0000005/view.do?nttId=17704&menuNo=200467&searchTime=&sdate=&edate=&pdate=&pollGubuncd=&searchCnd=&searchWrd=&pageIndex=1,출처: 중앙선거여론조사심의위원회,gyeonggi,오산시,mayor,17704
15625,경상북도 예천군    기초단체장선거 정당지지도,(주)에이스리서치,시·도단위 신문 : 경상투데이,2026-03-13 13:00 ~ 2026-03-14 20:20,전체,https://www.nesdc.go.kr/portal/bbs/B0000005/view.do?nttId=17676&menuNo=200467&searchTime=&sdate=&edate=&pdate=&pollGubuncd=&searchCnd=&searchWrd=&pageIndex=1,출처: 중앙선거여론조사심의위원회,gyeongbuk,예천군,mayor,17676
15624,충청북도 괴산군    기초단체장선거,(주)알앤써치,인터넷언론 : 충청도민일보,2026-03-14 14:20 ~ 2026-03-15 20:00,전체,https://www.nesdc.go.kr/portal/bbs/B0000005/view.do?nttId=17702&menuNo=200467&searchTime=&sdate=&edate=&pdate=&pollGubuncd=&searchCnd=&searchWrd=&pageIndex=1,출처: 중앙선거여론조사심의위원회,chungbuk,괴산군,mayor,17702
15621,경상북도 예천군  라선거구  기초의원선거 정당지지도,(주)이너텍시스템즈,인터넷언론 : 영남인터넷신문,2026-03-06 10:00 ~ 2026-03-07 21:30,전체,https://www.nesdc.go.kr/portal/bbs/B0000005/view.do?nttId=17700&menuNo=200467&searchTime=&sdate=&edate=&pdate=&pollGubuncd=&searchCnd=&searchWrd=&pageIndex=2,출처: 중앙선거여론조사심의위원회,gyeongbuk,예천군,party_support,17700
15618,전라남도 진도군    기초단체장선거 정당지지도,모노커뮤니케이션즈(모노리서치),구·시·군단위 신문 : 진도투데이,2026-03-13 13:53 ~ 2026-03-14 21:07,전체,https://www.nesdc.go.kr/portal/bbs/B0000005/view.do?nttId=17688&menuNo=200467&searchTime=&sdate=&edate=&pdate=&pollGubuncd=&searchCnd=&searchWrd=&pageIndex=2,출처: 중앙선거여론조사심의위원회,jeonnam,진도군,mayor,17688
15614,경상북도 전국    기초단체장선거 정당지지도,(주)비전코리아,전국단위 신문/인터넷언론 : 포털신문/올리서치,2026-03-13 10:33 ~ 2026-03-14 18:30,전체,https://www.nesdc.go.kr/portal/bbs/B0000005/view.do?nttId=17693&menuNo=200467&searchTime=&sdate=&edate=&pdate=&pollGubuncd=&searchCnd=&searchWrd=&pageIndex=2,출처: 중앙선거여론조사심의위원회,gyeongbuk,,mayor,17693
15612,전국   정당지지도,KOPRA,개인 : 대한민국 자유 유튜브 총연합회(회장 이영풍),2026-03-14 15:30 ~ 2026-03-15 21:35,전체,https://www.nesdc.go.kr/portal/bbs/B0000005/view.do?nttId=17691&menuNo=200467&searchTime=&sdate=&edate=&pdate=&pollGubuncd=&searchCnd=&searchWrd=&pageIndex=2,출처: 중앙선거여론조사심의위원회,,,party_support,17691
15611,전북특별자치도 부안군    기초단체장선거 광역의원선거 정당지지도,미디어리서치,구·시·군단위 신문 : 부안뉴스,2026-03-14 12:00 ~ 2026-03-15 21:00,전체,https://www.nesdc.go.kr/portal/bbs/B0000005/view.do?nttId=17690&menuNo=200467&searchTime=&sdate=&edate=&pdate=&pollGubuncd=&searchCnd=&searchWrd=&pageIndex=2,출처: 중앙선거여론조사심의위원회,jeonbuk,부안군,mayor,17690
15610,경상북도 안동시    정당지지도 기초단체장선거,(주)리얼미터,시·도단위 신문 : 영남일보,2026-03-13 10:40 ~ 2026-03-14 19:40,전체,https://www.nesdc.go.kr/portal/bbs/B0000005/view.do?nttId=17689&menuNo=200467&searchTime=&sdate=&edate=&pdate=&pollGubuncd=&searchCnd=&searchWrd=&pageIndex=2,출처: 중앙선거여론조사심의위원회,gyeongbuk,안동시,mayor,17689
15609,서울특별시 중구    기초단체장선거 정당지지도,(주)비전코리아,인터넷언론 : 중앙경제신문,2026-03-13 11:30 ~ 2026-03-14 21:23,전체,https://www.nesdc.go.kr/portal/bbs/B0000005/view.do?nttId=17687&menuNo=200467&searchTime=&sdate=&edate=&pdate=&pollGubuncd=&searchCnd=&searchWrd=&pageIndex=2,출처: 중앙선거여론조사심의위원회,seoul,,mayor,17687
15608,경기도 이천시    기초단체장선거 정당지지도,(주)코리아정보리서치,구·시·군단위 신문 : 하나로신문,2026-03-13 10:00 ~ 2026-03-14 22:00,전체,https://www.nesdc.go.kr/portal/bbs/B0000005/view.do?nttId=17686&menuNo=200467&searchTime=&sdate=&edate=&pdate=&pollGubuncd=&searchCnd=&searchWrd=&pageIndex=2,출처: 중앙선거여론조사심의위원회,gyeonggi,이천시,mayor,17686
15607,충청남도 천안시    기초단체장선거 정당지지도,(주)코리아정보리서치,인터넷언론 : 광역행정신문,2026-03-13 14:00 ~ 2026-03-14 21:00,전체,https://www.nesdc.go.kr/portal/bbs/B0000005/view.do?nttId=17685&menuNo=200467&searchTime=&sdate=&edate=&pdate=&pollGubuncd=&searchCnd=&searchWrd=&pageIndex=2,출처: 중앙선거여론조사심의위원회,chungnam,천안시,mayor,17685
15606,경상북도 안동시    기초단체장선거 정당지지도,(주)코리아정보리서치,시·도단위 신문 : 세명일보,2026-03-13 14:00 ~ 2026-03-14 21:00,전체,https://www.nesdc.go.kr/portal/bbs/B0000005/view.do?nttId=17684&menuNo=200467&searchTime=&sdate=&edate=&pdate=&pollGubuncd=&searchCnd=&searchWrd=&pageIndex=2,출처: 중앙선거여론조사심의위원회,gyeongbuk,안동시,mayor,17684
15605,부산광역시 부산진구    광역단체장선거 기초단체장선거 정당지지도,케이에스오아이 주식회사(한국사회여론연구소),방송사 : 부산CBS,2026-03-13 10:30 ~ 2026-03-14 21:10,전체,https://www.nesdc.go.kr/portal/bbs/B0000005/view.do?nttId=17680&menuNo=200467&searchTime=&sdate=&edate=&pdate=&pollGubuncd=&searchCnd=&searchWrd=&pageIndex=3,출처: 중앙선거여론조사심의위원회,busan,부산진구,mayor,17680
15604,부산광역시 남구    광역단체장선거 기초단체장선거 정당지지도,케이에스오아이 주식회사(한국사회여론연구소),방송사 : 부산CBS,2026-03-13 10:30 ~ 2026-03-14 21:10,전체,https://www.nesdc.go.kr/portal/bbs/B0000005/view.do?nttId=17679&menuNo=200467&searchTime=&sdate=&edate=&pdate=&pollGubuncd=&searchCnd=&searchWrd=&pageIndex=3,출처: 중앙선거여론조사심의위원회,busan,,mayor,17679
15603,부산광역시 해운대구    광역단체장선거 기초단체장선거 정당지지도,케이에스오아이 주식회사(한국사회여론연구소),방송사 : 부산CBS,2026-03-13 10:30 ~ 2026-03-14 21:10,전체,https://www.nesdc.go.kr/portal/bbs/B0000005/view.do?nttId=17678&menuNo=200467&searchTime=&sdate=&edate=&pdate=&pollGubuncd=&searchCnd=&searchWrd=&pageIndex=3,출처: 중앙선거여론조사심의위원회,busan,해운대구,mayor,17678
15602,경상북도 포항시    기초단체장선거 정당지지도,여론조사공정(주),인터넷언론 : 파이낸스투데이,2026-03-13 13:00 ~ 2026-03-14 21:30,전체,https://www.nesdc.go.kr/portal/bbs/B0000005/view.do?nttId=17683&menuNo=200467&searchTime=&sdate=&edate=&pdate=&pollGubuncd=&searchCnd=&searchWrd=&pageIndex=3,출처: 중앙선거여론조사심의위원회,gyeongbuk,포항시,mayor,17683
15601,전국   정기(정례)조사 정당지지도,(주)여론조사꽃,조사기관 자체 : (주)여론조사꽃,2026-03-13 14:20 ~ 2026-03-14 21:00,전체,https://www.nesdc.go.kr/portal/bbs/B0000005/view.do?nttId=17682&menuNo=200467&searchTime=&sdate=&edate=&pdate=&pollGubuncd=&searchCnd=&searchWrd=&pageIndex=3,출처: 중앙선거여론조사심의위원회,,,party_support,17682
15600,전국   정기(정례)조사 정당지지도,(주)여론조사꽃,조사기관 자체 : (주)여론조사꽃,2026-03-13 18:00 ~ 2026-03-14 21:00,전체,https://www.nesdc.go.kr/portal/bbs/B0000005/view.do?nttId=17681&menuNo=200467&searchTime=&sdate=&edate=&pdate=&pollGubuncd=&searchCnd=&searchWrd=&pageIndex=3,출처: 중앙선거여론조사심의위원회,,,party_support,17681
15599,경상북도 영양군    기초단체장선거 정당지지도,(주)코리아정보리서치,"인터넷언론 : 영남이코노믹, 데일리임팩트대구경북취재본부 공동",2026-03-13 10:00,전체,https://www.nesdc.go.kr/portal/bbs/B0000005/view.do?nttId=17677&menuNo=200467&searchTime=&sdate=&edate=&pdate=&pollGubuncd=&searchCnd=&searchWrd=&pageIndex=3,출처: 중앙선거여론조사심의위원회,gyeongbuk,영양군,mayor,17677
15598,경기도 안산시    기초단체장선거,(주)코리아정보리서치,인터넷언론 : 데일리안경인 데일리안티브이,2026-03-12 14:00 ~ 2026-03-13 20:00,전체,https://www.nesdc.go.kr/portal/bbs/B0000005/view.do?nttId=17675&menuNo=200467&searchTime=&sdate=&edate=&pdate=&pollGubuncd=&searchCnd=&searchWrd=&pageIndex=3,출처: 중앙선거여론조사심의위원회,gyeonggi,안산시,mayor,17675
15597,경기도 고양시    기초단체장선거 정당지지도,조원씨앤아이,시·도단위 신문 : 경기일보,2026-03-12 11:30 ~ 2026-03-13 21:37,전체,https://www.nesdc.go.kr/portal/bbs/B0000005/view.do?nttId=17674&menuNo=200467&searchTime=&sdate=&edate=&pdate=&pollGubuncd=&searchCnd=&searchWrd=&pageIndex=3,출처: 중앙선거여론조사심의위원회,gyeonggi,고양시,mayor,17674
15596,전라남도 장성군    기초단체장선거,여론조사공정(주),구·시·군단위 신문 : 주간장성신문사,2026-03-13 12:00,전체,https://www.nesdc.go.kr/portal/bbs/B0000005/view.do?nttId=17673&menuNo=200467&searchTime=&sdate=&edate=&pdate=&pollGubuncd=&searchCnd=&searchWrd=&pageIndex=3,출처: 중앙선거여론조사심의위원회,jeonnam,장성군,mayor,17673
15595,전국   정기(정례)조사 정당지지도 3월 2주차 주간집계,(주)리얼미터,전국단위 신문 : 에너지경제신문,2026-03-12 12:20 ~ 2026-03-13 18:15,전체,https://www.nesdc.go.kr/portal/bbs/B0000005/view.do?nttId=17672&menuNo=200467&searchTime=&sdate=&edate=&pdate=&pollGubuncd=&searchCnd=&searchWrd=&pageIndex=4,출처: 중앙선거여론조사심의위원회,,,party_support,17672
15594,전북특별자치도 남원시    기초단체장선거 정당지지도,(주)디오피니언,시·도단위 신문 : 시사뉴스,2026-03-11 09:00 ~ 2026-03-12 20:00,전체,https://www.nesdc.go.kr/portal/bbs/B0000005/view.do?nttId=17668&menuNo=200467&searchTime=&sdate=&edate=&pdate=&pollGubuncd=&searchCnd=&searchWrd=&pageIndex=4,출처: 중앙선거여론조사심의위원회,jeonbuk,남원시,mayor,17668
15593,전국   정당지지도 정기(정례)조사,리서치웰,인터넷언론 : 뉴데일리,2026-03-12 10:30,전체,https://www.nesdc.go.kr/portal/bbs/B0000005/view.do?nttId=17671&menuNo=200467&searchTime=&sdate=&edate=&pdate=&pollGubuncd=&searchCnd=&searchWrd=&pageIndex=4,출처: 중앙선거여론조사심의위원회,,,party_support,17671
15592,전국   정기(정례)조사 정당지지도,한국갤럽조사연구소,조사기관 자체 : 한국갤럽 자체 조사,2026-03-10 10:00 ~ 2026-03-11 18:00,전체,https://www.nesdc.go.kr/portal/bbs/B0000005/view.do?nttId=17670&menuNo=200467&searchTime=&sdate=&edate=&pdate=&pollGubuncd=&searchCnd=&searchWrd=&pageIndex=4,출처: 중앙선거여론조사심의위원회,,,party_support,17670
15591,충청남도 부여군    기초단체장선거 정당지지도,(주)데일리리서치,인터넷언론 : 뉴스티앤티,2026-03-08 13:00 ~ 2026-03-09 20:30,전체,https://www.nesdc.go.kr/portal/bbs/B0000005/view.do?nttId=17646&menuNo=200467&searchTime=&sdate=&edate=&pdate=&pollGubuncd=&searchCnd=&searchWrd=&pageIndex=4,출처: 중앙선거여론조사심의위원회,chungnam,부여군,mayor,17646
15590,충청남도 천안시    기초단체장선거 정당지지도,(주)데일리리서치,인터넷언론/인터넷언론/인터넷언론 : 뉴스티앤티/브레이크뉴스/충남뉴스티브이,2026-03-06 10:30 ~ 2026-03-07 21:00,전체,https://www.nesdc.go.kr/portal/bbs/B0000005/view.do?nttId=17617&menuNo=200467&searchTime=&sdate=&edate=&pdate=&pollGubuncd=&searchCnd=&searchWrd=&pageIndex=4,출처: 중앙선거여론조사심의위원회,chungnam,천안시,mayor,17617
15589,경상북도 포항시    기초단체장선거 정당지지도,(주)이너텍시스템즈,인터넷언론/인터넷언론/인터넷언론 : 아시아타임즈대구경북본부/스트레이트뉴스대구경북본부/이뉴스투데이대구경북본부,2026-03-09 11:00 ~ 2026-03-10 21:40,전체,https://www.nesdc.go.kr/portal/bbs/B0000005/view.do?nttId=17669&menuNo=200467&searchTime=&sdate=&edate=&pdate=&pollGubuncd=&searchCnd=&searchWrd=&pageIndex=4,출처: 중앙선거여론조사심의위원회,gyeongbuk,포항시,mayor,17669
15588,경기도 광주시    기초단체장선거 정당지지도,(주)데일리리서치,시·도단위 신문 : 중부일보,2026-03-09 13:00 ~ 2026-03-10 20:30,전체,https://www.nesdc.go.kr/portal/bbs/B0000005/view.do?nttId=17666&menuNo=200467&searchTime=&sdate=&edate=&pdate=&pollGubuncd=&searchCnd=&searchWrd=&pageIndex=4,출처: 중앙선거여론조사심의위원회,gyeonggi,광주시,mayor,17666
15587,경상북도 안동시    기초단체장선거 정당지지도,(주)이너텍시스템즈,인터넷언론 : UGN경북뉴스,2026-03-03 10:00 ~ 2026-03-04 21:00,전체,https://www.nesdc.go.kr/portal/bbs/B0000005/view.do?nttId=17667&menuNo=200467&searchTime=&sdate=&edate=&pdate=&pollGubuncd=&searchCnd=&searchWrd=&pageIndex=4,출처: 중앙선거여론조사심의위원회,gyeongbuk,안동시,mayor,17667
15586,서울특별시 전체    광역단체장선거 정당지지도,(주)여론조사꽃,조사기관 자체 : (주)여론조사꽃,2026-03-09 13:20 ~ 2026-03-10 21:00,전체,https://www.nesdc.go.kr/portal/bbs/B0000005/view.do?nttId=17665&menuNo=200467&searchTime=&sdate=&edate=&pdate=&pollGubuncd=&searchCnd=&searchWrd=&pageIndex=4,출처: 중앙선거여론조사심의위원회,seoul,,governor,17665
15585,충청북도 전체    광역단체장선거 정당지지도,(주)코리아정보리서치,인터넷언론 : 데일리안경인데일리안티브이,2026-03-09 14:00 ~ 2026-03-10 21:00,전체,https://www.nesdc.go.kr/portal/bbs/B0000005/view.do?nttId=17664&menuNo=200467&searchTime=&sdate=&edate=&pdate=&pollGubuncd=&searchCnd=&searchWrd=&pageIndex=5,출처: 중앙선거여론조사심의위원회,chungbuk,,governor,17664
15584,광주광역시 동구    기초단체장선거,한국정책연구원,인터넷언론 : 뉴스후플러스광주전남취재본부,2026-03-09 11:50 ~ 2026-03-10 20:13,전체,https://www.nesdc.go.kr/portal/bbs/B0000005/view.do?nttId=17663&menuNo=200467&searchTime=&sdate=&edate=&pdate=&pollGubuncd=&searchCnd=&searchWrd=&pageIndex=5,출처: 중앙선거여론조사심의위원회,gwangju,,mayor,17663
15583,전국   정기(정례)조사 정당지지도 정치사회현안,(주)엠브레인퍼블릭,"조사기관 자체 : ㈜엠브레인퍼블릭, 케이스탯리서치, ㈜코리아리서치인터내셔널, ㈜한국리서치",2026-03-09 13:06 ~ 2026-03-10 21:00,전체,https://www.nesdc.go.kr/portal/bbs/B0000005/view.do?nttId=17662&menuNo=200467&searchTime=&sdate=&edate=&pdate=&pollGubuncd=&searchCnd=&searchWrd=&pageIndex=5,출처: 중앙선거여론조사심의위원회,,,party_support,17662
15581,전라남도 순천시    기초단체장선거,(주)코리아정보리서치,인터넷언론 : 뉴스창,2026-03-09 09:00 ~ 2026-03-10 20:00,전체,https://www.nesdc.go.kr/portal/bbs/B0000005/view.do?nttId=17660&menuNo=200467&searchTime=&sdate=&edate=&pdate=&pollGubuncd=&searchCnd=&searchWrd=&pageIndex=5,출처: 중앙선거여론조사심의위원회,jeonnam,순천시,mayor,17660
15580,전국 전체 정기(정례)조사정당지지도,미디어토마토,시·도단위 신문 : 뉴스토마토,2026-03-09 15:53 ~ 2026-03-10 21:39,전체,https://www.nesdc.go.kr/portal/bbs/B0000005/view.do?nttId=17655&menuNo=200467&searchTime=&sdate=&edate=&pdate=&pollGubuncd=&searchCnd=&searchWrd=&pageIndex=5,출처: 중앙선거여론조사심의위원회,,,party_support,17655
15579,경기도 용인시    기초단체장선거 정당지지도,조원씨앤아이,시·도단위 신문 : 경기일보,2026-03-09 12:47 ~ 2026-03-10 21:36,전체,https://www.nesdc.go.kr/portal/bbs/B0000005/view.do?nttId=17659&menuNo=200467&searchTime=&sdate=&edate=&pdate=&pollGubuncd=&searchCnd=&searchWrd=&pageIndex=5,출처: 중앙선거여론조사심의위원회,gyeonggi,용인시,mayor,17659
15578,경상북도 포항시    정당지지도 기초단체장선거,(주)리얼미터,시·도단위 신문 : 영남일보,2026-03-09 14:00 ~ 2026-03-10 21:20,전체,https://www.nesdc.go.kr/portal/bbs/B0000005/view.do?nttId=17658&menuNo=200467&searchTime=&sdate=&edate=&pdate=&pollGubuncd=&searchCnd=&searchWrd=&pageIndex=5,출처: 중앙선거여론조사심의위원회,gyeongbuk,포항시,mayor,17658
15577,경상북도 영양군    기초단체장선거 정당지지도 경상북도 영양군수 선거 여론조사,KPO리서치,인터넷언론 : 경북인터넷방송,2026-03-09 12:00 ~ 2026-03-10 14:00,전체,https://www.nesdc.go.kr/portal/bbs/B0000005/view.do?nttId=17657&menuNo=200467&searchTime=&sdate=&edate=&pdate=&pollGubuncd=&searchCnd=&searchWrd=&pageIndex=5,출처: 중앙선거여론조사심의위원회,gyeongbuk,영양군,mayor,17657
15576,전국   대통령선거 정당지지도 국정현안 등,(주)코리아정보리서치,전국단위 신문 : 천지일보,2026-03-09 13:00 ~ 2026-03-10 18:00,전체,https://www.nesdc.go.kr/portal/bbs/B0000005/view.do?nttId=17656&menuNo=200467&searchTime=&sdate=&edate=&pdate=&pollGubuncd=&searchCnd=&searchWrd=&pageIndex=5,출처: 중앙선거여론조사심의위원회,,,party_support,17656
15575,경상북도 안동시  바선거구(용상동)  기초의원선거 정당지지도,(주)이너텍시스템즈,인터넷언론 : 영남인터넷신문,2026-03-06 10:00 ~ 2026-03-07 21:30,전체,https://www.nesdc.go.kr/portal/bbs/B0000005/view.do?nttId=17654&menuNo=200467&searchTime=&sdate=&edate=&pdate=&pollGubuncd=&searchCnd=&searchWrd=&pageIndex=5,출처: 중앙선거여론조사심의위원회,gyeongbuk,안동시,party_support,17654
15574,전국 전체 정기(정례)조사정당지지도,케이에스오아이 주식회사(한국사회여론연구소),조사기관 자체 : 케이에스오아이 주식회사(한국사회여론연구소),2026-03-09 11:00 ~ 2026-03-10 22:00,전체,https://www.nesdc.go.kr/portal/bbs/B0000005/view.do?nttId=17653&menuNo=200467&searchTime=&sdate=&edate=&pdate=&pollGubuncd=&searchCnd=&searchWrd=&pageIndex=6,출처: 중앙선거여론조사심의위원회,,,party_support,17653
15573,경상북도 영천시    기초단체장선거 정당지지도 경상북도 영천시 선거 여론조사,KPO리서치,인터넷언론 : 공감신문,2026-03-07 10:00,전체,https://www.nesdc.go.kr/portal/bbs/B0000005/view.do?nttId=17638&menuNo=200467&searchTime=&sdate=&edate=&pdate=&pollGubuncd=&searchCnd=&searchWrd=&pageIndex=6,출처: 중앙선거여론조사심의위원회,gyeongbuk,영천시,mayor,17638
15572,강원특별자치도 전체    광역단체장선거 정당지지도,여론조사공정(주),인터넷언론 : 더퍼블릭,2026-03-09 12:30 ~ 2026-03-10 21:10,전체,https://www.nesdc.go.kr/portal/bbs/B0000005/view.do?nttId=17652&menuNo=200467&searchTime=&sdate=&edate=&pdate=&pollGubuncd=&searchCnd=&searchWrd=&pageIndex=6,출처: 중앙선거여론조사심의위원회,gangwon,,governor,17652
15571,경기도 부천시 기초단체장선거정당지지도,윈지코리아컨설팅,인터넷언론 : 새부천신문,2026-03-09 10:00 ~ 2026-03-10 22:00,전체,https://www.nesdc.go.kr/portal/bbs/B0000005/view.do?nttId=17651&menuNo=200467&searchTime=&sdate=&edate=&pdate=&pollGubuncd=&searchCnd=&searchWrd=&pageIndex=6,출처: 중앙선거여론조사심의위원회,gyeonggi,부천시,mayor,17651
15569,서울특별시 전체    광역단체장선거 교육감선거 정당지지도,윈지코리아컨설팅,조사기관 자체 : 윈지코리아컨설팅,2026-03-08 12:00 ~ 2026-03-09 22:00,전체,https://www.nesdc.go.kr/portal/bbs/B0000005/view.do?nttId=17649&menuNo=200467&searchTime=&sdate=&edate=&pdate=&pollGubuncd=&searchCnd=&searchWrd=&pageIndex=6,출처: 중앙선거여론조사심의위원회,seoul,,governor,17649
15568,경기도 평택시    광역단체장선거 정당지지도,윈지코리아컨설팅,조사기관 자체 : 윈지코리아컨설팅,2026-03-08 12:00 ~ 2026-03-09 22:00,전체,https://www.nesdc.go.kr/portal/bbs/B0000005/view.do?nttId=17648&menuNo=200467&searchTime=&sdate=&edate=&pdate=&pollGubuncd=&searchCnd=&searchWrd=&pageIndex=6,출처: 중앙선거여론조사심의위원회,gyeonggi,평택시,governor,17648
15567,서울특별시 전체    광역단체장선거 정당지지도,(주)여론조사꽃,조사기관 자체 : (주)여론조사꽃,2026-03-09 14:00 ~ 2026-03-10 22:00,전체,https://www.nesdc.go.kr/portal/bbs/B0000005/view.do?nttId=17647&menuNo=200467&searchTime=&sdate=&edate=&pdate=&pollGubuncd=&searchCnd=&searchWrd=&pageIndex=6,출처: 중앙선거여론조사심의위원회,seoul,,governor,17647
15566,경상남도 하동군    기초단체장선거 정당지지도,(주)이너텍시스템즈,구·시·군단위 신문 : 하동신문,2026-03-06 10:00 ~ 2026-03-07 19:50,전체,https://www.nesdc.go.kr/portal/bbs/B0000005/view.do?nttId=17645&menuNo=200467&searchTime=&sdate=&edate=&pdate=&pollGubuncd=&searchCnd=&searchWrd=&pageIndex=6,출처: 중앙선거여론조사심의위원회,gyeongnam,하동군,mayor,17645
15565,경기도 남양주시    기초단체장선거 정당지지도,(주)데일리리서치,시·도단위 신문 : 중부일보,2026-03-08 13:00 ~ 2026-03-09 20:30,전체,https://www.nesdc.go.kr/portal/bbs/B0000005/view.do?nttId=17644&menuNo=200467&searchTime=&sdate=&edate=&pdate=&pollGubuncd=&searchCnd=&searchWrd=&pageIndex=6,출처: 중앙선거여론조사심의위원회,gyeonggi,남양주시,mayor,17644
15564,대구광역시 동구    기초단체장선거 정당지지도,(주)알앤써치,인터넷언론 : 브레이크뉴스 대구경북,2026-03-07 17:00 ~ 2026-03-08 21:40,전체,https://www.nesdc.go.kr/portal/bbs/B0000005/view.do?nttId=17643&menuNo=200467&searchTime=&sdate=&edate=&pdate=&pollGubuncd=&searchCnd=&searchWrd=&pageIndex=6,출처: 중앙선거여론조사심의위원회,daegu,,mayor,17643
15563,전라남도 신안군    광역단체장선거 교육감선거 기초단체장선거,메타보이스(주),인터넷언론 : 전남다문화 미디어 제이누리,2026-03-08 13:30 ~ 2026-03-09 18:40,전체,https://www.nesdc.go.kr/portal/bbs/B0000005/view.do?nttId=17627&menuNo=200467&searchTime=&sdate=&edate=&pdate=&pollGubuncd=&searchCnd=&searchWrd=&pageIndex=7,출처: 중앙선거여론조사심의위원회,jeonnam,신안군,mayor,17627
15562,세종특별자치시 세종특별자치시 광역단체장선거교육감선거,한길리서치,시·도단위 신문 : 대전일보,2026-03-08 10:00 ~ 2026-03-09 21:00,전체,https://www.nesdc.go.kr/portal/bbs/B0000005/view.do?nttId=17642&menuNo=200467&searchTime=&sdate=&edate=&pdate=&pollGubuncd=&searchCnd=&searchWrd=&pageIndex=7,출처: 중앙선거여론조사심의위원회,sejong,,governor,17642
15561,전국   정당지지도,한길리서치,인터넷언론 : 폴리뉴스,2026-03-07 10:00 ~ 2026-03-08 21:00,전체,https://www.nesdc.go.kr/portal/bbs/B0000005/view.do?nttId=17641&menuNo=200467&searchTime=&sdate=&edate=&pdate=&pollGubuncd=&searchCnd=&searchWrd=&pageIndex=7,출처: 중앙선거여론조사심의위원회,,,party_support,17641
15560,전국   정기(정례)조사 정당지지도,조원씨앤아이,인터넷언론 : 스트레이트뉴스,2026-03-07 11:00 ~ 2026-03-08 18:33,전체,https://www.nesdc.go.kr/portal/bbs/B0000005/view.do?nttId=17640&menuNo=200467&searchTime=&sdate=&edate=&pdate=&pollGubuncd=&searchCnd=&searchWrd=&pageIndex=7,출처: 중앙선거여론조사심의위원회,,,party_support,17640
15559,전국   정당지지도,한길리서치,인터넷언론 : 쿠키뉴스,2026-03-07 10:00 ~ 2026-03-08 21:00,전체,https://www.nesdc.go.kr/portal/bbs/B0000005/view.do?nttId=17639&menuNo=200467&searchTime=&sdate=&edate=&pdate=&pollGubuncd=&searchCnd=&searchWrd=&pageIndex=7,출처: 중앙선거여론조사심의위원회,,,party_support,17639
15558,대구광역시 수성구    기초단체장선거 정당지지도 대구광역시 수성구청장 선거 여론조사,KPO리서치,시·도단위 신문 : 대구일보,2026-03-06 13:00 ~ 2026-03-07 19:00,전체,https://www.nesdc.go.kr/portal/bbs/B0000005/view.do?nttId=17635&menuNo=200467&searchTime=&sdate=&edate=&pdate=&pollGubuncd=&searchCnd=&searchWrd=&pageIndex=7,출처: 중앙선거여론조사심의위원회,daegu,수성구,mayor,17635
15556,경기도 구리시    기초단체장선거 정당지지도,(주)데일리리서치,시·도단위 신문 : 중부일보,2026-03-07 11:00 ~ 2026-03-08 21:00,전체,https://www.nesdc.go.kr/portal/bbs/B0000005/view.do?nttId=17636&menuNo=200467&searchTime=&sdate=&edate=&pdate=&pollGubuncd=&searchCnd=&searchWrd=&pageIndex=7,출처: 중앙선거여론조사심의위원회,gyeonggi,구리시,mayor,17636
15555,인천광역시 계양구  을선거구  기초단체장선거 국회의원선거 정당지지도,조원씨앤아이,인터넷언론 : 스트레이트뉴스,2026-03-07 11:00 ~ 2026-03-08 21:35,전체,https://www.nesdc.go.kr/portal/bbs/B0000005/view.do?nttId=17633&menuNo=200467&searchTime=&sdate=&edate=&pdate=&pollGubuncd=&searchCnd=&searchWrd=&pageIndex=7,출처: 중앙선거여론조사심의위원회,incheon,계양구,mayor,17633
15554,경기도 가평군    기초단체장선거 정당지지도,조원씨앤아이,인터넷언론 : 스트레이트뉴스,2026-03-07 11:00 ~ 2026-03-08 20:32,전체,https://www.nesdc.go.kr/portal/bbs/B0000005/view.do?nttId=17632&menuNo=200467&searchTime=&sdate=&edate=&pdate=&pollGubuncd=&searchCnd=&searchWrd=&pageIndex=7,출처: 중앙선거여론조사심의위원회,gyeonggi,가평군,mayor,17632
15553,경기도 의정부시    기초단체장선거 정당지지도,조원씨앤아이,인터넷언론 : 스트레이트뉴스,2026-03-07 11:00 ~ 2026-03-08 21:36,전체,https://www.nesdc.go.kr/portal/bbs/B0000005/view.do?nttId=17631&menuNo=200467&searchTime=&sdate=&edate=&pdate=&pollGubuncd=&searchCnd=&searchWrd=&pageIndex=7,출처: 중앙선거여론조사심의위원회,gyeonggi,의정부시,mayor,17631
15552,경기도 부천시    기초단체장선거 정당지지도,조원씨앤아이,인터넷언론 : 스트레이트뉴스,2026-03-07 11:00 ~ 2026-03-08 20:35,전체,https://www.nesdc.go.kr/portal/bbs/B0000005/view.do?nttId=17630&menuNo=200467&searchTime=&sdate=&edate=&pdate=&pollGubuncd=&searchCnd=&searchWrd=&pageIndex=8,출처: 중앙선거여론조사심의위원회,gyeonggi,부천시,mayor,17630
15551,전라남도 목포시    기초단체장선거 정당지지도,한길리서치,시·도단위 신문 : 폴리뉴스,2026-03-05 17:00 ~ 2026-03-06 21:00,전체,https://www.nesdc.go.kr/portal/bbs/B0000005/view.do?nttId=17634&menuNo=200467&searchTime=&sdate=&edate=&pdate=&pollGubuncd=&searchCnd=&searchWrd=&pageIndex=8,출처: 중앙선거여론조사심의위원회,jeonnam,목포시,mayor,17634
15550,충청북도 영동군    기초단체장선거 정당지지도,미디어토마토,시·도단위 신문 : 뉴스토마토,2026-03-06 13:26 ~ 2026-03-07 21:18,전체,https://www.nesdc.go.kr/portal/bbs/B0000005/view.do?nttId=17629&menuNo=200467&searchTime=&sdate=&edate=&pdate=&pollGubuncd=&searchCnd=&searchWrd=&pageIndex=8,출처: 중앙선거여론조사심의위원회,chungbuk,영동군,mayor,17629
15549,경상남도 양산시    기초단체장선거 정당지지도 제 9회 전국동시지방선거 경상남도 양산시 양산시장 정치현안조사,(주)아이소프트뱅크,기타 : 한국미디어연합협동조합,2026-03-07 10:00 ~ 2026-03-08 20:51,전체,https://www.nesdc.go.kr/portal/bbs/B0000005/view.do?nttId=17628&menuNo=200467&searchTime=&sdate=&edate=&pdate=&pollGubuncd=&searchCnd=&searchWrd=&pageIndex=8,출처: 중앙선거여론조사심의위원회,gyeongnam,양산시,mayor,17628
15548,전국   정기(정례)조사 정당지지도,(주)에브리리서치,인터넷언론/인터넷언론 : (주)에브리뉴스/미디어로컬(사단법인 한국지역언론인클럽),2026-03-06 17:30 ~ 2026-03-07 20:01,전체,https://www.nesdc.go.kr/portal/bbs/B0000005/view.do?nttId=17626&menuNo=200467&searchTime=&sdate=&edate=&pdate=&pollGubuncd=&searchCnd=&searchWrd=&pageIndex=8,출처: 중앙선거여론조사심의위원회,,,party_support,17626
15547,대구광역시 수성구    기초단체장선거 정당지지도,(주)에브리리서치,시·도단위 신문 : 뉴스1 코리아 김대벽 대구경북취재본부장,2026-03-06 11:21 ~ 2026-03-07 12:59,전체,https://www.nesdc.go.kr/portal/bbs/B0000005/view.do?nttId=17624&menuNo=200467&searchTime=&sdate=&edate=&pdate=&pollGubuncd=&searchCnd=&searchWrd=&pageIndex=8,출처: 중앙선거여론조사심의위원회,daegu,수성구,mayor,17624
15546,대구광역시 군위군    기초단체장선거 정당지지도,(주)에브리리서치,시·도단위 신문 : 사단법인 경북지역신문총연합회,2026-03-06 11:00 ~ 2026-03-07 11:20,전체,https://www.nesdc.go.kr/portal/bbs/B0000005/view.do?nttId=17623&menuNo=200467&searchTime=&sdate=&edate=&pdate=&pollGubuncd=&searchCnd=&searchWrd=&pageIndex=8,출처: 중앙선거여론조사심의위원회,daegu,군위군,mayor,17623
15545,강원특별자치도 원주시    기초단체장선거 정당지지도,(주)데일리리서치,인터넷언론 : 연리지티브이,2026-03-07 11:30 ~ 2026-03-08 21:00,전체,https://www.nesdc.go.kr/portal/bbs/B0000005/view.do?nttId=17622&menuNo=200467&searchTime=&sdate=&edate=&pdate=&pollGubuncd=&searchCnd=&searchWrd=&pageIndex=8,출처: 중앙선거여론조사심의위원회,gangwon,원주시,mayor,17622
15544,전북특별자치도 순창군    기초단체장선거 정당지지도,(주)코리아정보리서치,인터넷언론 : 케이저널,2026-03-05 10:00 ~ 2026-03-06 18:00,전체,https://www.nesdc.go.kr/portal/bbs/B0000005/view.do?nttId=17621&menuNo=200467&searchTime=&sdate=&edate=&pdate=&pollGubuncd=&searchCnd=&searchWrd=&pageIndex=8,출처: 중앙선거여론조사심의위원회,jeonbuk,순창군,mayor,17621
15543,경상북도 경주시    정당지지도 기초단체장선거,(주)에브리리서치,시·도단위 신문 : 경북매일신문,2026-03-06 11:00 ~ 2026-03-07 11:41,전체,https://www.nesdc.go.kr/portal/bbs/B0000005/view.do?nttId=17620&menuNo=200467&searchTime=&sdate=&edate=&pdate=&pollGubuncd=&searchCnd=&searchWrd=&pageIndex=8,출처: 중앙선거여론조사심의위원회,gyeongbuk,경주시,mayor,17620
15542,경상북도 영천시    기초단체장선거 정당지지도,조원씨앤아이,시·도단위 신문 : 브레이크뉴스 대구경북,2026-03-07 11:00 ~ 2026-03-08 20:05,전체,https://www.nesdc.go.kr/portal/bbs/B0000005/view.do?nttId=17619&menuNo=200467&searchTime=&sdate=&edate=&pdate=&pollGubuncd=&searchCnd=&searchWrd=&pageIndex=9,출처: 중앙선거여론조사심의위원회,gyeongbuk,영천시,mayor,17619
15541,충청북도 괴산군    기초단체장선거 정당지지도,모노커뮤니케이션즈(모노리서치),인터넷언론 : 케이 라이프 티브이(K-Life TV),2026-03-07 12:10 ~ 2026-03-08 21:10,전체,https://www.nesdc.go.kr/portal/bbs/B0000005/view.do?nttId=17618&menuNo=200467&searchTime=&sdate=&edate=&pdate=&pollGubuncd=&searchCnd=&searchWrd=&pageIndex=9,출처: 중앙선거여론조사심의위원회,chungbuk,괴산군,mayor,17618
15540,전국   정기(정례)조사 정당지지도,(주)제로투원파트너스,인터넷언론 : KPI뉴스,2026-03-06 11:30 ~ 2026-03-07 21:00,전체,https://www.nesdc.go.kr/portal/bbs/B0000005/view.do?nttId=17615&menuNo=200467&searchTime=&sdate=&edate=&pdate=&pollGubuncd=&searchCnd=&searchWrd=&pageIndex=9,출처: 중앙선거여론조사심의위원회,,,party_support,17615
15538,부산광역시 전체    교육감선거 정당지지도,(주)비전코리아,전국단위 신문 : 내외경제TV,2026-03-07 09:58 ~ 2026-03-08 18:32,전체,https://www.nesdc.go.kr/portal/bbs/B0000005/view.do?nttId=17613&menuNo=200467&searchTime=&sdate=&edate=&pdate=&pollGubuncd=&searchCnd=&searchWrd=&pageIndex=9,출처: 중앙선거여론조사심의위원회,busan,,superintendent,17613
15537,경상북도 의성군    기초단체장선거 정당지지도,(주)비전코리아,전국단위 신문/전국단위 신문 : 내외경제TV/포털신문,2026-03-06 14:08,전체,https://www.nesdc.go.kr/portal/bbs/B0000005/view.do?nttId=17612&menuNo=200467&searchTime=&sdate=&edate=&pdate=&pollGubuncd=&searchCnd=&searchWrd=&pageIndex=9,출처: 중앙선거여론조사심의위원회,gyeongbuk,의성군,mayor,17612
15536,전국   정당지지도,KOPRA,개인 : 대한민국 자유 유튜브 총연합회(회장 이영풍),2026-03-07 13:50 ~ 2026-03-08 21:56,전체,https://www.nesdc.go.kr/portal/bbs/B0000005/view.do?nttId=17611&menuNo=200467&searchTime=&sdate=&edate=&pdate=&pollGubuncd=&searchCnd=&searchWrd=&pageIndex=9,출처: 중앙선거여론조사심의위원회,,,party_support,17611
15535,충청남도 아산시    기초단체장선거 정당지지도,(주)데일리리서치,인터넷언론 : 뉴스티앤티,2026-03-06 10:30 ~ 2026-03-07 21:00,전체,https://www.nesdc.go.kr/portal/bbs/B0000005/view.do?nttId=17609&menuNo=200467&searchTime=&sdate=&edate=&pdate=&pollGubuncd=&searchCnd=&searchWrd=&pageIndex=9,출처: 중앙선거여론조사심의위원회,chungnam,아산시,mayor,17609
15534,전라남도 나주시    기초단체장선거 정당지지도,(주)데일리리서치,인터넷언론 : 뉴스티앤티,2026-03-06 10:30,전체,https://www.nesdc.go.kr/portal/bbs/B0000005/view.do?nttId=17608&menuNo=200467&searchTime=&sdate=&edate=&pdate=&pollGubuncd=&searchCnd=&searchWrd=&pageIndex=9,출처: 중앙선거여론조사심의위원회,jeonnam,나주시,mayor,17608
15533,경기도 용인시    기초단체장선거 정당지지도,(주)데일리리서치,시·도단위 신문 : 중부일보,2026-03-06 10:30 ~ 2026-03-07 20:30,전체,https://www.nesdc.go.kr/portal/bbs/B0000005/view.do?nttId=17607&menuNo=200467&searchTime=&sdate=&edate=&pdate=&pollGubuncd=&searchCnd=&searchWrd=&pageIndex=9,출처: 중앙선거여론조사심의위원회,gyeonggi,용인시,mayor,17607
15532,전라남도 담양군    기초단체장선거,리서치제이,인터넷언론 : 메디언뉴스,2026-03-07 12:00 ~ 2026-03-08 21:00,전체,https://www.nesdc.go.kr/portal/bbs/B0000005/view.do?nttId=17606&menuNo=200467&searchTime=&sdate=&edate=&pdate=&pollGubuncd=&searchCnd=&searchWrd=&pageIndex=9,출처: 중앙선거여론조사심의위원회,jeonnam,담양군,mayor,17606
15531,경기도 남양주시    기초단체장선거 정당지지도,조원씨앤아이,시·도단위 신문 : 리얼에셋타임즈,2026-03-06 13:00 ~ 2026-03-07 21:36,전체,https://www.nesdc.go.kr/portal/bbs/B0000005/view.do?nttId=17604&menuNo=200467&searchTime=&sdate=&edate=&pdate=&pollGubuncd=&searchCnd=&searchWrd=&pageIndex=10,출처: 중앙선거여론조사심의위원회,gyeonggi,남양주시,mayor,17604
15530,경기도 성남시    기초단체장선거 정당지지도,KOPRA,인터넷언론 : 인싸잇경기,2026-03-06 18:35 ~ 2026-03-07 21:50,전체,https://www.nesdc.go.kr/portal/bbs/B0000005/view.do?nttId=17605&menuNo=200467&searchTime=&sdate=&edate=&pdate=&pollGubuncd=&searchCnd=&searchWrd=&pageIndex=10,출처: 중앙선거여론조사심의위원회,gyeonggi,성남시,mayor,17605
15529,경상북도 영덕군    기초단체장선거 정당지지도,(주)코리아정보리서치,인터넷언론/인터넷언론 : 스트레이트뉴스대구경북/딜사이트경제TV대구경북취재본부,2026-03-06 14:00 ~ 2026-03-07 17:00,전체,https://www.nesdc.go.kr/portal/bbs/B0000005/view.do?nttId=17603&menuNo=200467&searchTime=&sdate=&edate=&pdate=&pollGubuncd=&searchCnd=&searchWrd=&pageIndex=10,출처: 중앙선거여론조사심의위원회,gyeongbuk,영덕군,mayor,17603
15528,전국   정기(정례)조사 정당지지도,(주)여론조사꽃,조사기관 자체 : (주)여론조사꽃,2026-03-06 14:10 ~ 2026-03-07 21:00,전체,https://www.nesdc.go.kr/portal/bbs/B0000005/view.do?nttId=17601&menuNo=200467&searchTime=&sdate=&edate=&pdate=&pollGubuncd=&searchCnd=&searchWrd=&pageIndex=10,출처: 중앙선거여론조사심의위원회,,,party_support,17601
15527,전국   정기(정례)조사 정당지지도,(주)여론조사꽃,조사기관 자체 : (주)여론조사꽃,2026-03-06 18:00 ~ 2026-03-07 21:00,전체,https://www.nesdc.go.kr/portal/bbs/B0000005/view.do?nttId=17600&menuNo=200467&searchTime=&sdate=&edate=&pdate=&pollGubuncd=&searchCnd=&searchWrd=&pageIndex=10,출처: 중앙선거여론조사심의위원회,,,party_support,17600
15526,경상북도 문경시    기초단체장선거 정당지지도,여론조사공정(주),인터넷언론 : 문경시민신문,2026-03-05 12:30 ~ 2026-03-06 21:40,전체,https://www.nesdc.go.kr/portal/bbs/B0000005/view.do?nttId=17598&menuNo=200467&searchTime=&sdate=&edate=&pdate=&pollGubuncd=&searchCnd=&searchWrd=&pageIndex=10,출처: 중앙선거여론조사심의위원회,gyeongbuk,문경시,mayor,17598
15525,경기도 이천시    기초단체장선거 정당지지도,조원씨앤아이,시·도단위 신문 : 경기일보,2026-03-05 15:39 ~ 2026-03-06 21:38,전체,https://www.nesdc.go.kr/portal/bbs/B0000005/view.do?nttId=17597&menuNo=200467&searchTime=&sdate=&edate=&pdate=&pollGubuncd=&searchCnd=&searchWrd=&pageIndex=10,출처: 중앙선거여론조사심의위원회,gyeonggi,이천시,mayor,17597
15524,전국   정기(정례)조사 정당지지도 3월 1주차 주간집계,(주)리얼미터,전국단위 신문 : 에너지경제신문,2026-03-05 12:00 ~ 2026-03-06 17:20,전체,https://www.nesdc.go.kr/portal/bbs/B0000005/view.do?nttId=17596&menuNo=200467&searchTime=&sdate=&edate=&pdate=&pollGubuncd=&searchCnd=&searchWrd=&pageIndex=10,출처: 중앙선거여론조사심의위원회,,,party_support,17596
15523,전라남도 장성군    기초단체장선거 광역단체장선거 정당지지도,(주)데일리리서치,구·시·군단위 신문 : 장성투데이,2026-03-06 11:00,전체,https://www.nesdc.go.kr/portal/bbs/B0000005/view.do?nttId=17595&menuNo=200467&searchTime=&sdate=&edate=&pdate=&pollGubuncd=&searchCnd=&searchWrd=&pageIndex=10,출처: 중앙선거여론조사심의위원회,jeonnam,장성군,mayor,17595
15522,충청북도 전체    광역단체장선거 정당지지도,(주)여론조사꽃,조사기관 자체 : (주)여론조사꽃,2026-03-04 13:20 ~ 2026-03-05 20:30,전체,https://www.nesdc.go.kr/portal/bbs/B0000005/view.do?nttId=17593&menuNo=200467&searchTime=&sdate=&edate=&pdate=&pollGubuncd=&searchCnd=&searchWrd=&pageIndex=10,출처: 중앙선거여론조사심의위원회,chungbuk,,governor,17593
15521,경기도 의정부시    기초단체장선거 정당지지도,(주)비전코리아,전국단위 신문/인터넷언론 : 포털신문/올리서치,2026-02-28 10:31 ~ 2026-03-01 21:18,전체,https://www.nesdc.go.kr/portal/bbs/B0000005/view.do?nttId=17591&menuNo=200467&searchTime=&sdate=&edate=&pdate=&pollGubuncd=&searchCnd=&searchWrd=&pageIndex=11,출처: 중앙선거여론조사심의위원회,gyeonggi,의정부시,mayor,17591
15520,전국   정기(정례)조사 정당지지도 광역단체장선거,한국갤럽조사연구소,조사기관 자체 : 한국갤럽 자체 조사,2026-03-03 13:00 ~ 2026-03-04 18:00,전체,https://www.nesdc.go.kr/portal/bbs/B0000005/view.do?nttId=17590&menuNo=200467&searchTime=&sdate=&edate=&pdate=&pollGubuncd=&searchCnd=&searchWrd=&pageIndex=11,출처: 중앙선거여론조사심의위원회,,,governor,17590
15519,제주특별자치도 전체    광역단체장선거,메타보이스(주),기타 : 사단법인 로컬에너지랩,2026-02-02 20:30 ~ 2026-02-03 23:59,전체,https://www.nesdc.go.kr/portal/bbs/B0000005/view.do?nttId=17538&menuNo=200467&searchTime=&sdate=&edate=&pdate=&pollGubuncd=&searchCnd=&searchWrd=&pageIndex=11,출처: 중앙선거여론조사심의위원회,jeju,,governor,17538
15518,경상남도 전체    광역단체장선거,메타보이스(주),기타 : 사단법인 로컬에너지랩,2026-02-02 20:30 ~ 2026-02-03 23:59,전체,https://www.nesdc.go.kr/portal/bbs/B0000005/view.do?nttId=17537&menuNo=200467&searchTime=&sdate=&edate=&pdate=&pollGubuncd=&searchCnd=&searchWrd=&pageIndex=11,출처: 중앙선거여론조사심의위원회,gyeongnam,,governor,17537
15517,경기도 전체    광역단체장선거 정당지지도,윈지코리아컨설팅,조사기관 자체 : 윈지코리아컨설팅,2026-03-02 12:00 ~ 2026-03-03 22:00,전체,https://www.nesdc.go.kr/portal/bbs/B0000005/view.do?nttId=17589&menuNo=200467&searchTime=&sdate=&edate=&pdate=&pollGubuncd=&searchCnd=&searchWrd=&pageIndex=11,출처: 중앙선거여론조사심의위원회,gyeonggi,,governor,17589
15516,경상북도 전체    광역단체장선거,메타보이스(주),기타 : 사단법인 로컬에너지랩,2026-02-02 20:30 ~ 2026-02-03 23:59,전체,https://www.nesdc.go.kr/portal/bbs/B0000005/view.do?nttId=17536&menuNo=200467&searchTime=&sdate=&edate=&pdate=&pollGubuncd=&searchCnd=&searchWrd=&pageIndex=11,출처: 중앙선거여론조사심의위원회,gyeongbuk,,governor,17536
15515,전라남도 전체    광역단체장선거,메타보이스(주),기타 : 사단법인 로컬에너지랩,2026-02-02 20:30 ~ 2026-02-03 23:59,전체,https://www.nesdc.go.kr/portal/bbs/B0000005/view.do?nttId=17535&menuNo=200467&searchTime=&sdate=&edate=&pdate=&pollGubuncd=&searchCnd=&searchWrd=&pageIndex=11,출처: 중앙선거여론조사심의위원회,jeonnam,,governor,17535
15514,전북특별자치도 전체    광역단체장선거,메타보이스(주),기타 : 사단법인 로컬에너지랩,2026-02-02 20:30 ~ 2026-02-03 23:59,전체,https://www.nesdc.go.kr/portal/bbs/B0000005/view.do?nttId=17534&menuNo=200467&searchTime=&sdate=&edate=&pdate=&pollGubuncd=&searchCnd=&searchWrd=&pageIndex=11,출처: 중앙선거여론조사심의위원회,jeonbuk,,governor,17534
15513,충청남도 전체    광역단체장선거,메타보이스(주),기타 : 사단법인 로컬에너지랩,2026-02-02 20:30 ~ 2026-02-03 23:59,전체,https://www.nesdc.go.kr/portal/bbs/B0000005/view.do?nttId=17533&menuNo=200467&searchTime=&sdate=&edate=&pdate=&pollGubuncd=&searchCnd=&searchWrd=&pageIndex=11,출처: 중앙선거여론조사심의위원회,chungnam,,governor,17533
15512,충청북도 전체    광역단체장선거,메타보이스(주),기타 : 사단법인 로컬에너지랩,2026-02-02 20:30 ~ 2026-02-03 23:59,전체,https://www.nesdc.go.kr/portal/bbs/B0000005/view.do?nttId=17532&menuNo=200467&searchTime=&sdate=&edate=&pdate=&pollGubuncd=&searchCnd=&searchWrd=&pageIndex=11,출처: 중앙선거여론조사심의위원회,chungbuk,,governor,17532
15511,강원특별자치도 전체    광역단체장선거,메타보이스(주),기타 : 사단법인 로컬에너지랩,2026-02-02 20:30 ~ 2026-02-03 23:59,전체,https://www.nesdc.go.kr/portal/bbs/B0000005/view.do?nttId=17531&menuNo=200467&searchTime=&sdate=&edate=&pdate=&pollGubuncd=&searchCnd=&searchWrd=&pageIndex=12,출처: 중앙선거여론조사심의위원회,gangwon,,governor,17531
15510,경기도 전체    광역단체장선거,메타보이스(주),기타 : 사단법인 로컬에너지랩,2026-02-02 20:30 ~ 2026-02-03 23:59,전체,https://www.nesdc.go.kr/portal/bbs/B0000005/view.do?nttId=17530&menuNo=200467&searchTime=&sdate=&edate=&pdate=&pollGubuncd=&searchCnd=&searchWrd=&pageIndex=12,출처: 중앙선거여론조사심의위원회,gyeonggi,,governor,17530
15509,세종특별자치시 전체    광역단체장선거,메타보이스(주),기타 : 사단법인 로컬에너지랩,2026-02-02 20:30 ~ 2026-02-03 23:59,전체,https://www.nesdc.go.kr/portal/bbs/B0000005/view.do?nttId=17529&menuNo=200467&searchTime=&sdate=&edate=&pdate=&pollGubuncd=&searchCnd=&searchWrd=&pageIndex=12,출처: 중앙선거여론조사심의위원회,sejong,,governor,17529
15508,울산광역시 전체 광역단체장선거,메타보이스(주),기타 : 사단법인 로컬에너지랩,2026-02-02 20:30 ~ 2026-02-03 23:59,전체,https://www.nesdc.go.kr/portal/bbs/B0000005/view.do?nttId=17528&menuNo=200467&searchTime=&sdate=&edate=&pdate=&pollGubuncd=&searchCnd=&searchWrd=&pageIndex=12,출처: 중앙선거여론조사심의위원회,ulsan,,governor,17528
15507,대전광역시 전체    광역단체장선거,메타보이스(주),기타 : 사단법인 로컬에너지랩,2026-02-02 20:30 ~ 2026-02-03 23:59,전체,https://www.nesdc.go.kr/portal/bbs/B0000005/view.do?nttId=17527&menuNo=200467&searchTime=&sdate=&edate=&pdate=&pollGubuncd=&searchCnd=&searchWrd=&pageIndex=12,출처: 중앙선거여론조사심의위원회,daejeon,,governor,17527
15506,광주광역시 전체    광역단체장선거,메타보이스(주),기타 : 사단법인 로컬에너지랩,2026-02-02 20:30 ~ 2026-02-03 23:59,전체,https://www.nesdc.go.kr/portal/bbs/B0000005/view.do?nttId=17526&menuNo=200467&searchTime=&sdate=&edate=&pdate=&pollGubuncd=&searchCnd=&searchWrd=&pageIndex=12,출처: 중앙선거여론조사심의위원회,gwangju,,governor,17526
15505,인천광역시 전체    광역단체장선거,메타보이스(주),기타 : 사단법인 로컬에너지랩,2026-02-02 20:30 ~ 2026-02-03 23:59,전체,https://www.nesdc.go.kr/portal/bbs/B0000005/view.do?nttId=17525&menuNo=200467&searchTime=&sdate=&edate=&pdate=&pollGubuncd=&searchCnd=&searchWrd=&pageIndex=12,출처: 중앙선거여론조사심의위원회,incheon,,governor,17525
15504,대구광역시 전체    광역단체장선거,메타보이스(주),기타 : 사단법인 로컬에너지랩,2026-02-02 20:30 ~ 2026-02-03 23:59,전체,https://www.nesdc.go.kr/portal/bbs/B0000005/view.do?nttId=17524&menuNo=200467&searchTime=&sdate=&edate=&pdate=&pollGubuncd=&searchCnd=&searchWrd=&pageIndex=12,출처: 중앙선거여론조사심의위원회,daegu,,governor,17524
15503,부산광역시 전체    광역단체장선거,메타보이스(주),기타 : 사단법인 로컬에너지랩,2026-02-02 20:30 ~ 2026-02-03 23:59,전체,https://www.nesdc.go.kr/portal/bbs/B0000005/view.do?nttId=17523&menuNo=200467&searchTime=&sdate=&edate=&pdate=&pollGubuncd=&searchCnd=&searchWrd=&pageIndex=12,출처: 중앙선거여론조사심의위원회,busan,,governor,17523
15502,서울특별시 전체    광역단체장선거,메타보이스(주),기타 : 사단법인 로컬에너지랩,2026-02-02 20:30 ~ 2026-02-03 23:59,전체,https://www.nesdc.go.kr/portal/bbs/B0000005/view.do?nttId=17520&menuNo=200467&searchTime=&sdate=&edate=&pdate=&pollGubuncd=&searchCnd=&searchWrd=&pageIndex=12,출처: 중앙선거여론조사심의위원회,seoul,,governor,17520
15501,경기도 여주시    기초단체장선거 정당지지도,(주)데일리리서치,시·도단위 신문 : 중부일보,2026-03-03 15:00 ~ 2026-03-04 21:00,전체,https://www.nesdc.go.kr/portal/bbs/B0000005/view.do?nttId=17588&menuNo=200467&searchTime=&sdate=&edate=&pdate=&pollGubuncd=&searchCnd=&searchWrd=&pageIndex=13,출처: 중앙선거여론조사심의위원회,gyeonggi,여주시,mayor,17588
15500,제주특별자치도 전체    광역단체장선거 정당지지도,(주)여론조사꽃,조사기관 자체 : (주)여론조사꽃,2026-03-03 15:00 ~ 2026-03-04 21:00,전체,https://www.nesdc.go.kr/portal/bbs/B0000005/view.do?nttId=17586&menuNo=200467&searchTime=&sdate=&edate=&pdate=&pollGubuncd=&searchCnd=&searchWrd=&pageIndex=13,출처: 중앙선거여론조사심의위원회,jeju,,governor,17586
15499,강원특별자치도 전체    광역단체장선거 정당지지도,(주)여론조사꽃,조사기관 자체 : (주)여론조사꽃,2026-03-03 15:00 ~ 2026-03-04 21:00,전체,https://www.nesdc.go.kr/portal/bbs/B0000005/view.do?nttId=17585&menuNo=200467&searchTime=&sdate=&edate=&pdate=&pollGubuncd=&searchCnd=&searchWrd=&pageIndex=13,출처: 중앙선거여론조사심의위원회,gangwon,,governor,17585
15498,대구광역시 북구    기초단체장선거 정당지지도,(주)이너텍시스템즈,인터넷언론 : 이로운넷대구경북취재본부,2026-03-01 10:00 ~ 2026-03-02 21:20,전체,https://www.nesdc.go.kr/portal/bbs/B0000005/view.do?nttId=17584&menuNo=200467&searchTime=&sdate=&edate=&pdate=&pollGubuncd=&searchCnd=&searchWrd=&pageIndex=13,출처: 중앙선거여론조사심의위원회,daegu,,mayor,17584
15497,경상남도 전체    광역단체장선거 정당지지도 정치현안,서던포스트,방송사 : KNN,2026-03-03 16:40 ~ 2026-03-04 23:59,전체,https://www.nesdc.go.kr/portal/bbs/B0000005/view.do?nttId=17574&menuNo=200467&searchTime=&sdate=&edate=&pdate=&pollGubuncd=&searchCnd=&searchWrd=&pageIndex=13,출처: 중앙선거여론조사심의위원회,gyeongnam,,governor,17574
15496,부산광역시 전체    광역단체장선거 정당지지도 정치현안,서던포스트,방송사 : KNN,2026-03-03 16:30 ~ 2026-03-04 23:59,전체,https://www.nesdc.go.kr/portal/bbs/B0000005/view.do?nttId=17570&menuNo=200467&searchTime=&sdate=&edate=&pdate=&pollGubuncd=&searchCnd=&searchWrd=&pageIndex=13,출처: 중앙선거여론조사심의위원회,busan,,governor,17570
15495,전국   정기(정례)조사 정당지지도,(주)리서치뷰,조사기관 자체 : 리서치뷰,2026-03-01 10:00 ~ 2026-03-02 20:00,전체,https://www.nesdc.go.kr/portal/bbs/B0000005/view.do?nttId=17583&menuNo=200467&searchTime=&sdate=&edate=&pdate=&pollGubuncd=&searchCnd=&searchWrd=&pageIndex=13,출처: 중앙선거여론조사심의위원회,,,party_support,17583
15494,경기도 하남시    기초단체장선거 정당지지도,(주)시그널앤펄스,인터넷언론 : 프레시안,2026-03-03 14:10 ~ 2026-03-04 20:25,전체,https://www.nesdc.go.kr/portal/bbs/B0000005/view.do?nttId=17582&menuNo=200467&searchTime=&sdate=&edate=&pdate=&pollGubuncd=&searchCnd=&searchWrd=&pageIndex=13,출처: 중앙선거여론조사심의위원회,gyeonggi,하남시,mayor,17582
15493,경기도 부천시    기초단체장선거 정당지지도,(주)시그널앤펄스,인터넷언론 : 프레시안,2026-03-03 13:50 ~ 2026-03-04 20:30,전체,https://www.nesdc.go.kr/portal/bbs/B0000005/view.do?nttId=17580&menuNo=200467&searchTime=&sdate=&edate=&pdate=&pollGubuncd=&searchCnd=&searchWrd=&pageIndex=13,출처: 중앙선거여론조사심의위원회,gyeonggi,부천시,mayor,17580
15492,경상북도 영덕군    기초단체장선거 정당지지도,(주)에브리리서치,시·도단위 신문 : 사단법인 경북지역신문총연합회,2026-03-03 10:30 ~ 2026-03-04 10:55,전체,https://www.nesdc.go.kr/portal/bbs/B0000005/view.do?nttId=17579&menuNo=200467&searchTime=&sdate=&edate=&pdate=&pollGubuncd=&searchCnd=&searchWrd=&pageIndex=13,출처: 중앙선거여론조사심의위원회,gyeongbuk,영덕군,mayor,17579
15491,전라남도 해남군    기초단체장선거 정당지지도,(주)데일리리서치,구·시·군단위 신문 : 전남목포신문,2026-03-03 14:30,전체,https://www.nesdc.go.kr/portal/bbs/B0000005/view.do?nttId=17577&menuNo=200467&searchTime=&sdate=&edate=&pdate=&pollGubuncd=&searchCnd=&searchWrd=&pageIndex=14,출처: 중앙선거여론조사심의위원회,jeonnam,해남군,mayor,17577
15490,인천광역시 전체    광역단체장선거 정당지지도,(주)여론조사꽃,조사기관 자체 : (주)여론조사꽃,2026-03-02 13:20 ~ 2026-03-03 20:20,전체,https://www.nesdc.go.kr/portal/bbs/B0000005/view.do?nttId=17578&menuNo=200467&searchTime=&sdate=&edate=&pdate=&pollGubuncd=&searchCnd=&searchWrd=&pageIndex=14,출처: 중앙선거여론조사심의위원회,incheon,,governor,17578
15489,"충청북도 청주시 전체    광역단체장선거 기초단체장선거 교육감선거 국정운영 평가, 정당 지지도, 기타 지역 현안 등",(주)코리아리서치인터내셔널,방송사 : MBC충북,2026-03-03 10:00 ~ 2026-03-04 22:00,전체,https://www.nesdc.go.kr/portal/bbs/B0000005/view.do?nttId=17576&menuNo=200467&searchTime=&sdate=&edate=&pdate=&pollGubuncd=&searchCnd=&searchWrd=&pageIndex=14,출처: 중앙선거여론조사심의위원회,chungbuk,청주시,mayor,17576
15488,전국 전체 대통령선거정당지지도 국정현안 등,(주)코리아정보리서치,전국단위 신문 : 천지일보,2026-03-02 13:00 ~ 2026-03-03 19:00,전체,https://www.nesdc.go.kr/portal/bbs/B0000005/view.do?nttId=17575&menuNo=200467&searchTime=&sdate=&edate=&pdate=&pollGubuncd=&searchCnd=&searchWrd=&pageIndex=14,출처: 중앙선거여론조사심의위원회,,,party_support,17575
15487,전라남도 화순군    기초단체장선거 정당지지도,모노커뮤니케이션즈(모노리서치),인터넷언론 : 에버뉴스,2026-03-02 13:52 ~ 2026-03-03 20:47,전체,https://www.nesdc.go.kr/portal/bbs/B0000005/view.do?nttId=17568&menuNo=200467&searchTime=&sdate=&edate=&pdate=&pollGubuncd=&searchCnd=&searchWrd=&pageIndex=14,출처: 중앙선거여론조사심의위원회,jeonnam,화순군,mayor,17568
15486,경기도 고양시    기초단체장선거 정당지지도,조원씨앤아이,인터넷언론 : 윈뉴스,2026-03-02 11:30 ~ 2026-03-03 21:22,전체,https://www.nesdc.go.kr/portal/bbs/B0000005/view.do?nttId=17573&menuNo=200467&searchTime=&sdate=&edate=&pdate=&pollGubuncd=&searchCnd=&searchWrd=&pageIndex=14,출처: 중앙선거여론조사심의위원회,gyeonggi,고양시,mayor,17573
15485,경상북도 포항시    기초단체장선거 정당지지도,(주)데일리리서치,인터넷언론 : 일요저널,2026-03-02 11:00 ~ 2026-03-03 20:30,전체,https://www.nesdc.go.kr/portal/bbs/B0000005/view.do?nttId=17572&menuNo=200467&searchTime=&sdate=&edate=&pdate=&pollGubuncd=&searchCnd=&searchWrd=&pageIndex=14,출처: 중앙선거여론조사심의위원회,gyeongbuk,포항시,mayor,17572
15484,경기도 의정부시    기초단체장선거 정당지지도,(주)데일리리서치,시·도단위 신문 : 중부일보,2026-03-02 13:00 ~ 2026-03-03 21:00,전체,https://www.nesdc.go.kr/portal/bbs/B0000005/view.do?nttId=17571&menuNo=200467&searchTime=&sdate=&edate=&pdate=&pollGubuncd=&searchCnd=&searchWrd=&pageIndex=14,출처: 중앙선거여론조사심의위원회,gyeonggi,의정부시,mayor,17571
15483,전라남도 고흥군    기초단체장선거 정당지지도,(주)데일리리서치,인터넷언론 : 일요저널,2026-03-02 10:30,전체,https://www.nesdc.go.kr/portal/bbs/B0000005/view.do?nttId=17567&menuNo=200467&searchTime=&sdate=&edate=&pdate=&pollGubuncd=&searchCnd=&searchWrd=&pageIndex=14,출처: 중앙선거여론조사심의위원회,jeonnam,고흥군,mayor,17567
15482,경기도 평택시    기초단체장선거 정당지지도,조원씨앤아이,시·도단위 신문 : 경기일보,2026-03-02 11:30 ~ 2026-03-03 20:32,전체,https://www.nesdc.go.kr/portal/bbs/B0000005/view.do?nttId=17569&menuNo=200467&searchTime=&sdate=&edate=&pdate=&pollGubuncd=&searchCnd=&searchWrd=&pageIndex=14,출처: 중앙선거여론조사심의위원회,gyeonggi,평택시,mayor,17569
15481,전국   정기(정례)조사 정당지지도 정치현안 등,(주)에이스리서치,통신사 : 뉴시스,2026-03-01 10:00 ~ 2026-03-02 21:03,전체,https://www.nesdc.go.kr/portal/bbs/B0000005/view.do?nttId=17564&menuNo=200467&searchTime=&sdate=&edate=&pdate=&pollGubuncd=&searchCnd=&searchWrd=&pageIndex=15,출처: 중앙선거여론조사심의위원회,,,party_support,17564
15480,경상북도 포항시    정당지지도 기초단체장선거,(주)리얼미터,시·도단위 신문 : 경북도민일보,2026-03-01 11:00 ~ 2026-03-02 20:20,전체,https://www.nesdc.go.kr/portal/bbs/B0000005/view.do?nttId=17566&menuNo=200467&searchTime=&sdate=&edate=&pdate=&pollGubuncd=&searchCnd=&searchWrd=&pageIndex=15,출처: 중앙선거여론조사심의위원회,gyeongbuk,포항시,mayor,17566
15479,전국   정당지지도 정치현안,조원씨앤아이,주·월간지 : 시사저널,2026-02-28 11:30 ~ 2026-03-01 15:59,전체,https://www.nesdc.go.kr/portal/bbs/B0000005/view.do?nttId=17565&menuNo=200467&searchTime=&sdate=&edate=&pdate=&pollGubuncd=&searchCnd=&searchWrd=&pageIndex=15,출처: 중앙선거여론조사심의위원회,,,party_support,17565
15478,"전라남도 영광군    기초단체장선거 정당지지도 전남 영광군수 당내 후보적합도 및 현역군수 재출마지지도, 정당지지도 조사",모노커뮤니케이션즈(모노리서치),"인터넷언론 : 신안신문(영광뉴스), 뉴데이앤포커스, 뉴팩트라인, 뉴퍼블릭",2026-03-01 13:53 ~ 2026-03-02 20:53,전체,https://www.nesdc.go.kr/portal/bbs/B0000005/view.do?nttId=17560&menuNo=200467&searchTime=&sdate=&edate=&pdate=&pollGubuncd=&searchCnd=&searchWrd=&pageIndex=15,출처: 중앙선거여론조사심의위원회,jeonnam,영광군,mayor,17560
15477,경상남도 양산시    기초단체장선거 정당지지도,조원씨앤아이,인터넷언론 : 스트레이트뉴스,2026-02-28 11:30 ~ 2026-03-01 20:30,전체,https://www.nesdc.go.kr/portal/bbs/B0000005/view.do?nttId=17563&menuNo=200467&searchTime=&sdate=&edate=&pdate=&pollGubuncd=&searchCnd=&searchWrd=&pageIndex=15,출처: 중앙선거여론조사심의위원회,gyeongnam,양산시,mayor,17563
15476,전라남도 광양시    광역단체장선거 기초단체장선거 정당지지도,조원씨앤아이,인터넷언론 : 스트레이트뉴스,2026-02-28 11:30 ~ 2026-03-01 18:27,전체,https://www.nesdc.go.kr/portal/bbs/B0000005/view.do?nttId=17556&menuNo=200467&searchTime=&sdate=&edate=&pdate=&pollGubuncd=&searchCnd=&searchWrd=&pageIndex=15,출처: 중앙선거여론조사심의위원회,jeonnam,광양시,mayor,17556
15475,서울특별시 전체    광역단체장선거 교육감선거 정당지지도,조원씨앤아이,인터넷언론 : 스트레이트뉴스,2026-02-28 11:31 ~ 2026-03-01 21:45,전체,https://www.nesdc.go.kr/portal/bbs/B0000005/view.do?nttId=17555&menuNo=200467&searchTime=&sdate=&edate=&pdate=&pollGubuncd=&searchCnd=&searchWrd=&pageIndex=15,출처: 중앙선거여론조사심의위원회,seoul,,governor,17555
15474,경기도 고양시    기초단체장선거 정당지지도,(주)데일리리서치,시·도단위 신문 : 중부일보,2026-03-01 12:00 ~ 2026-03-02 21:00,전체,https://www.nesdc.go.kr/portal/bbs/B0000005/view.do?nttId=17562&menuNo=200467&searchTime=&sdate=&edate=&pdate=&pollGubuncd=&searchCnd=&searchWrd=&pageIndex=15,출처: 중앙선거여론조사심의위원회,gyeonggi,고양시,mayor,17562
15473,충청남도 청양군 기초단체장선거광역의원선거정당지지도,(주)데일리리서치,구·시·군단위 신문/구·시·군단위 신문 : 백제신문/뉴스청양,2026-02-27 13:00 ~ 2026-02-28 21:00,전체,https://www.nesdc.go.kr/portal/bbs/B0000005/view.do?nttId=17549&menuNo=200467&searchTime=&sdate=&edate=&pdate=&pollGubuncd=&searchCnd=&searchWrd=&pageIndex=15,출처: 중앙선거여론조사심의위원회,chungnam,청양군,mayor,17549
15472,전라남도 장성군    기초단체장선거 정당지지도,(주)코리아정보리서치,인터넷언론 : 케이저널,2026-03-01 14:00 ~ 2026-03-02 19:00,전체,https://www.nesdc.go.kr/portal/bbs/B0000005/view.do?nttId=17561&menuNo=200467&searchTime=&sdate=&edate=&pdate=&pollGubuncd=&searchCnd=&searchWrd=&pageIndex=15,출처: 중앙선거여론조사심의위원회,jeonnam,장성군,mayor,17561
15471,경상북도 영덕군    기초단체장선거 정당지지도,(주)데일리리서치,인터넷언론 : 더파워미디어,2026-02-28 09:30,전체,https://www.nesdc.go.kr/portal/bbs/B0000005/view.do?nttId=17550&menuNo=200467&searchTime=&sdate=&edate=&pdate=&pollGubuncd=&searchCnd=&searchWrd=&pageIndex=16,출처: 중앙선거여론조사심의위원회,gyeongbuk,영덕군,mayor,17550
15470,전국   정기(정례)조사 정당지지도 대통령선거,(주)비전코리아,전국단위 신문/인터넷언론 : 포털신문/올리서치,2026-02-28 12:05,전체,https://www.nesdc.go.kr/portal/bbs/B0000005/view.do?nttId=17559&menuNo=200467&searchTime=&sdate=&edate=&pdate=&pollGubuncd=&searchCnd=&searchWrd=&pageIndex=16,출처: 중앙선거여론조사심의위원회,,,party_support,17559
15468,전국 전체 정기(정례)조사,여론조사공정(주),인터넷언론 : 펜앤마이크,2026-03-01 13:30 ~ 2026-03-02 21:20,전체,https://www.nesdc.go.kr/portal/bbs/B0000005/view.do?nttId=17557&menuNo=200467&searchTime=&sdate=&edate=&pdate=&pollGubuncd=&searchCnd=&searchWrd=&pageIndex=16,출처: 중앙선거여론조사심의위원회,,,party_support,17557
15467,충청남도 계룡시    기초단체장선거 정당지지도,(주)데일리리서치,인터넷언론 : 뉴스티앤티,2026-02-27 11:30 ~ 2026-02-28 19:30,전체,https://www.nesdc.go.kr/portal/bbs/B0000005/view.do?nttId=17546&menuNo=200467&searchTime=&sdate=&edate=&pdate=&pollGubuncd=&searchCnd=&searchWrd=&pageIndex=16,출처: 중앙선거여론조사심의위원회,chungnam,계룡시,mayor,17546
15466,전라남도 화순군    기초단체장선거 광역단체장선거 정당지지도,(주)에스티아이,시·도단위 신문 : 광주타임즈,2026-02-27 09:00 ~ 2026-02-28 21:00,전체,https://www.nesdc.go.kr/portal/bbs/B0000005/view.do?nttId=17554&menuNo=200467&searchTime=&sdate=&edate=&pdate=&pollGubuncd=&searchCnd=&searchWrd=&pageIndex=16,출처: 중앙선거여론조사심의위원회,jeonnam,화순군,mayor,17554
15465,경기도 화성시    기초단체장선거 정당지지도,조원씨앤아이,시·도단위 신문 : 경기일보,2026-02-28 11:30 ~ 2026-03-01 21:47,전체,https://www.nesdc.go.kr/portal/bbs/B0000005/view.do?nttId=17553&menuNo=200467&searchTime=&sdate=&edate=&pdate=&pollGubuncd=&searchCnd=&searchWrd=&pageIndex=16,출처: 중앙선거여론조사심의위원회,gyeonggi,화성시,mayor,17553
15464,경상북도 포항시    기초단체장선거 정당지지도,(주)에브리리서치,시·도단위 신문/시·도단위 신문/시·도단위 신문 : 엔에스피통신대구경북/영남이코노믹/위키트리 대구경북취재본부,2026-02-27 15:51 ~ 2026-02-28 16:35,전체,https://www.nesdc.go.kr/portal/bbs/B0000005/view.do?nttId=17552&menuNo=200467&searchTime=&sdate=&edate=&pdate=&pollGubuncd=&searchCnd=&searchWrd=&pageIndex=16,출처: 중앙선거여론조사심의위원회,gyeongbuk,포항시,mayor,17552
15463,전라남도 보성군    기초단체장선거 정당지지도,(주)코리아정보리서치,인터넷언론 : 뉴스웍스광주전남지역본부,2026-02-27 10:00 ~ 2026-02-28 19:00,전체,https://www.nesdc.go.kr/portal/bbs/B0000005/view.do?nttId=17548&menuNo=200467&searchTime=&sdate=&edate=&pdate=&pollGubuncd=&searchCnd=&searchWrd=&pageIndex=16,출처: 중앙선거여론조사심의위원회,jeonnam,보성군,mayor,17548
15462,경기도 포천시    기초단체장선거 정당지지도,(주)데일리리서치,시·도단위 신문 : 중부일보,2026-02-27 11:00 ~ 2026-02-28 21:00,전체,https://www.nesdc.go.kr/portal/bbs/B0000005/view.do?nttId=17547&menuNo=200467&searchTime=&sdate=&edate=&pdate=&pollGubuncd=&searchCnd=&searchWrd=&pageIndex=16,출처: 중앙선거여론조사심의위원회,gyeonggi,포천시,mayor,17547
15461,전국   광역단체장선거 교육감선거 정당지지도,메타보이스(주),인터넷언론 : 프라임경제,2026-02-26 13:00 ~ 2026-02-27 21:10,전체,https://www.nesdc.go.kr/portal/bbs/B0000005/view.do?nttId=17544&menuNo=200467&searchTime=&sdate=&edate=&pdate=&pollGubuncd=&searchCnd=&searchWrd=&pageIndex=16,출처: 중앙선거여론조사심의위원회,,,governor,17544
15460,전국   정기(정례)조사 정당지지도,(주)여론조사꽃,조사기관 자체 : (주)여론조사꽃,2026-02-27 14:10 ~ 2026-02-28 20:40,전체,https://www.nesdc.go.kr/portal/bbs/B0000005/view.do?nttId=17545&menuNo=200467&searchTime=&sdate=&edate=&pdate=&pollGubuncd=&searchCnd=&searchWrd=&pageIndex=17,출처: 중앙선거여론조사심의위원회,,,party_support,17545
15459,전국   정기(정례)조사 정당지지도,(주)여론조사꽃,조사기관 자체 : (주)여론조사꽃,2026-02-27 18:00 ~ 2026-02-28 21:00,전체,https://www.nesdc.go.kr/portal/bbs/B0000005/view.do?nttId=17543&menuNo=200467&searchTime=&sdate=&edate=&pdate=&pollGubuncd=&searchCnd=&searchWrd=&pageIndex=17,출처: 중앙선거여론조사심의위원회,,,party_support,17543
15458,전북특별자치도 임실군    기초단체장선거 정당지지도,(주)데일리리서치,구·시·군단위 신문 : 전주일보,2026-02-27 11:00,전체,https://www.nesdc.go.kr/portal/bbs/B0000005/view.do?nttId=17542&menuNo=200467&searchTime=&sdate=&edate=&pdate=&pollGubuncd=&searchCnd=&searchWrd=&pageIndex=17,출처: 중앙선거여론조사심의위원회,jeonbuk,임실군,mayor,17542
15457,전국   광역단체장선거 교육감선거 정당지지도,(주)알앤써치,방송사/인터넷언론/인터넷언론 : BBS 광주불교방송/프레시안 광주전남취재본부/대로미디어,2026-02-25 16:00 ~ 2026-02-26 21:40,전체,https://www.nesdc.go.kr/portal/bbs/B0000005/view.do?nttId=17541&menuNo=200467&searchTime=&sdate=&edate=&pdate=&pollGubuncd=&searchCnd=&searchWrd=&pageIndex=17,출처: 중앙선거여론조사심의위원회,,,governor,17541
15456,전국   광역단체장선거 정당지지도,(주)알앤써치,방송사/인터넷언론/인터넷언론 : BBS 광주불교방송/프레시안 광주전남취재본부/대로미디어,2026-02-25 16:00 ~ 2026-02-26 21:40,전체,https://www.nesdc.go.kr/portal/bbs/B0000005/view.do?nttId=17540&menuNo=200467&searchTime=&sdate=&edate=&pdate=&pollGubuncd=&searchCnd=&searchWrd=&pageIndex=17,출처: 중앙선거여론조사심의위원회,,,governor,17540
15455,전국   정기(정례)조사 정당지지도 2월 4주차 주간집계,(주)리얼미터,전국단위 신문 : 에너지경제신문,2026-02-26 12:00 ~ 2026-02-27 17:20,전체,https://www.nesdc.go.kr/portal/bbs/B0000005/view.do?nttId=17539&menuNo=200467&searchTime=&sdate=&edate=&pdate=&pollGubuncd=&searchCnd=&searchWrd=&pageIndex=17,출처: 중앙선거여론조사심의위원회,,,party_support,17539
15454,광주광역시 북구    기초단체장선거 정당지지도,(주)알앤써치,방송사/인터넷언론/인터넷언론 : BBS 광주불교방송/프레시안 광주전남취재본부/대로미디어,2026-02-25 17:00 ~ 2026-02-26 21:40,전체,https://www.nesdc.go.kr/portal/bbs/B0000005/view.do?nttId=17522&menuNo=200467&searchTime=&sdate=&edate=&pdate=&pollGubuncd=&searchCnd=&searchWrd=&pageIndex=17,출처: 중앙선거여론조사심의위원회,gwangju,,mayor,17522
15453,전라남도 광양시    기초단체장선거 정당지지도,(주)데일리리서치,구·시·군단위 신문 : 광양시민신문,2026-02-26 10:00,전체,https://www.nesdc.go.kr/portal/bbs/B0000005/view.do?nttId=17521&menuNo=200467&searchTime=&sdate=&edate=&pdate=&pollGubuncd=&searchCnd=&searchWrd=&pageIndex=17,출처: 중앙선거여론조사심의위원회,jeonnam,광양시,mayor,17521
15452,전국   정기(정례)조사 정당지지도,한국갤럽조사연구소,조사기관 자체 : 한국갤럽 자체 조사,2026-02-24 10:00 ~ 2026-02-25 18:00,전체,https://www.nesdc.go.kr/portal/bbs/B0000005/view.do?nttId=17518&menuNo=200467&searchTime=&sdate=&edate=&pdate=&pollGubuncd=&searchCnd=&searchWrd=&pageIndex=17,출처: 중앙선거여론조사심의위원회,,,party_support,17518
15451,전국   정당지지도 정기(정례)조사,리서치웰,인터넷언론 : 뉴데일리,2026-02-25 15:00 ~ 2026-02-26 21:00,전체,https://www.nesdc.go.kr/portal/bbs/B0000005/view.do?nttId=17517&menuNo=200467&searchTime=&sdate=&edate=&pdate=&pollGubuncd=&searchCnd=&searchWrd=&pageIndex=17,출처: 중앙선거여론조사심의위원회,,,party_support,17517
15450,서울특별시 전체    광역단체장선거 정당지지도,(주)여론조사꽃,조사기관 자체 : (주)여론조사꽃,2026-02-23 13:40 ~ 2026-02-24 21:10,전체,https://www.nesdc.go.kr/portal/bbs/B0000005/view.do?nttId=17515&menuNo=200467&searchTime=&sdate=&edate=&pdate=&pollGubuncd=&searchCnd=&searchWrd=&pageIndex=18,출처: 중앙선거여론조사심의위원회,seoul,,governor,17515
15449,전라남도 영암군    기초단체장선거 정당지지도,(주)코리아정보리서치,인터넷언론 : 케이저널,2026-02-24 18:00 ~ 2026-02-25 21:00,전체,https://www.nesdc.go.kr/portal/bbs/B0000005/view.do?nttId=17514&menuNo=200467&searchTime=&sdate=&edate=&pdate=&pollGubuncd=&searchCnd=&searchWrd=&pageIndex=18,출처: 중앙선거여론조사심의위원회,jeonnam,영암군,mayor,17514
15448,전국   정기(정례)조사 정당지지도,케이스탯리서치,"조사기관 자체 : 조사기관 자체 : ㈜엠브레인퍼블릭, 케이스탯리서치, ㈜코리아리서치인터내셔널, ㈜한국리서치",2026-02-23 13:01 ~ 2026-02-24 21:01,전체,https://www.nesdc.go.kr/portal/bbs/B0000005/view.do?nttId=17513&menuNo=200467&searchTime=&sdate=&edate=&pdate=&pollGubuncd=&searchCnd=&searchWrd=&pageIndex=18,출처: 중앙선거여론조사심의위원회,,,party_support,17513
15447,전북특별자치도 부안군    기초단체장선거 광역의원선거 정당지지도,(주)이너텍시스템즈,구·시·군단위 신문 : 부안독립신문,2026-02-24 10:00 ~ 2026-02-25 17:10,전체,https://www.nesdc.go.kr/portal/bbs/B0000005/view.do?nttId=17512&menuNo=200467&searchTime=&sdate=&edate=&pdate=&pollGubuncd=&searchCnd=&searchWrd=&pageIndex=18,출처: 중앙선거여론조사심의위원회,jeonbuk,부안군,mayor,17512
15446,경기도 수원시    기초단체장선거 정당지지도,조원씨앤아이,시·도단위 신문 : 경기일보,2026-02-23 11:30 ~ 2026-02-24 20:33,전체,https://www.nesdc.go.kr/portal/bbs/B0000005/view.do?nttId=17511&menuNo=200467&searchTime=&sdate=&edate=&pdate=&pollGubuncd=&searchCnd=&searchWrd=&pageIndex=18,출처: 중앙선거여론조사심의위원회,gyeonggi,수원시,mayor,17511
15445,전국   정기(정례)조사 정당지지도,미디어토마토,시·도단위 신문 : 뉴스토마토,2026-02-23 15:59 ~ 2026-02-24 21:08,전체,https://www.nesdc.go.kr/portal/bbs/B0000005/view.do?nttId=17509&menuNo=200467&searchTime=&sdate=&edate=&pdate=&pollGubuncd=&searchCnd=&searchWrd=&pageIndex=18,출처: 중앙선거여론조사심의위원회,,,party_support,17509
15444,경기도 하남시    기초단체장선거 정당지지도,(주)데일리리서치,시·도단위 신문 : 중부일보,2026-02-23 12:30 ~ 2026-02-24 21:00,전체,https://www.nesdc.go.kr/portal/bbs/B0000005/view.do?nttId=17508&menuNo=200467&searchTime=&sdate=&edate=&pdate=&pollGubuncd=&searchCnd=&searchWrd=&pageIndex=18,출처: 중앙선거여론조사심의위원회,gyeonggi,하남시,mayor,17508
15443,전국   정기(정례)조사 정당지지도,케이에스오아이 주식회사(한국사회여론연구소),조사기관 자체 : 케이에스오아이 주식회사(한국사회여론연구소),2026-02-23 11:30 ~ 2026-02-24 22:00,전체,https://www.nesdc.go.kr/portal/bbs/B0000005/view.do?nttId=17507&menuNo=200467&searchTime=&sdate=&edate=&pdate=&pollGubuncd=&searchCnd=&searchWrd=&pageIndex=18,출처: 중앙선거여론조사심의위원회,,,party_support,17507
15442,강원특별자치도 전체    광역단체장선거 정당지지도,여론조사공정(주),인터넷언론 : 더퍼블릭,2026-02-23 12:00 ~ 2026-02-24 21:20,전체,https://www.nesdc.go.kr/portal/bbs/B0000005/view.do?nttId=17506&menuNo=200467&searchTime=&sdate=&edate=&pdate=&pollGubuncd=&searchCnd=&searchWrd=&pageIndex=18,출처: 중앙선거여론조사심의위원회,gangwon,,governor,17506
15441,전국   대통령선거 정당지지도 광역단체장선거 국정현안 등,(주)코리아정보리서치,전국단위 신문 : 천지일보,2026-02-23 13:00 ~ 2026-02-24 21:00,전체,https://www.nesdc.go.kr/portal/bbs/B0000005/view.do?nttId=17505&menuNo=200467&searchTime=&sdate=&edate=&pdate=&pollGubuncd=&searchCnd=&searchWrd=&pageIndex=18,출처: 중앙선거여론조사심의위원회,,,governor,17505
15440,경기도 안산시    기초단체장선거 정당지지도,(주)코리아정보리서치,인터넷언론 : 데일리안경인 데일리안TV,2026-02-23 10:00 ~ 2026-02-24 20:00,전체,https://www.nesdc.go.kr/portal/bbs/B0000005/view.do?nttId=17504&menuNo=200467&searchTime=&sdate=&edate=&pdate=&pollGubuncd=&searchCnd=&searchWrd=&pageIndex=19,출처: 중앙선거여론조사심의위원회,gyeonggi,안산시,mayor,17504
15439,세종특별자치시 전체    광역단체장선거 정당지지도,케이에스오아이 주식회사(한국사회여론연구소),인터넷언론 : 세종미디어네트,2026-02-23 11:00 ~ 2026-02-24 21:00,전체,https://www.nesdc.go.kr/portal/bbs/B0000005/view.do?nttId=17502&menuNo=200467&searchTime=&sdate=&edate=&pdate=&pollGubuncd=&searchCnd=&searchWrd=&pageIndex=19,출처: 중앙선거여론조사심의위원회,sejong,,governor,17502
15438,서울특별시 전체    광역단체장선거 정당지지도,(주)여론조사꽃,조사기관 자체 : (주)여론조사꽃,2026-02-23 14:00 ~ 2026-02-24 21:50,전체,https://www.nesdc.go.kr/portal/bbs/B0000005/view.do?nttId=17503&menuNo=200467&searchTime=&sdate=&edate=&pdate=&pollGubuncd=&searchCnd=&searchWrd=&pageIndex=19,출처: 중앙선거여론조사심의위원회,seoul,,governor,17503
15437,충청남도 전체 광역단체장선거정당지지도,조원씨앤아이,인터넷언론 : 스트레이트뉴스,2026-02-22 11:30 ~ 2026-02-23 20:49,전체,https://www.nesdc.go.kr/portal/bbs/B0000005/view.do?nttId=17501&menuNo=200467&searchTime=&sdate=&edate=&pdate=&pollGubuncd=&searchCnd=&searchWrd=&pageIndex=19,출처: 중앙선거여론조사심의위원회,chungnam,,governor,17501
15436,충청남도 천안시 정당지지도기초단체장선거,조원씨앤아이,인터넷언론 : 스트레이트뉴스,2026-02-22 11:31 ~ 2026-02-23 20:30,전체,https://www.nesdc.go.kr/portal/bbs/B0000005/view.do?nttId=17500&menuNo=200467&searchTime=&sdate=&edate=&pdate=&pollGubuncd=&searchCnd=&searchWrd=&pageIndex=19,출처: 중앙선거여론조사심의위원회,chungnam,천안시,mayor,17500
15435,대전광역시 전체    광역단체장선거 정당지지도,조원씨앤아이,인터넷언론 : 스트레이트뉴스,2026-02-22 11:30 ~ 2026-02-23 20:45,전체,https://www.nesdc.go.kr/portal/bbs/B0000005/view.do?nttId=17499&menuNo=200467&searchTime=&sdate=&edate=&pdate=&pollGubuncd=&searchCnd=&searchWrd=&pageIndex=19,출처: 중앙선거여론조사심의위원회,daejeon,,governor,17499
15434,전북특별자치도 부안군    기초단체장선거 정당지지도,한길리서치,시·도단위 신문 : 새전북신문,2026-02-22 17:00 ~ 2026-02-23 20:30,전체,https://www.nesdc.go.kr/portal/bbs/B0000005/view.do?nttId=17498&menuNo=200467&searchTime=&sdate=&edate=&pdate=&pollGubuncd=&searchCnd=&searchWrd=&pageIndex=19,출처: 중앙선거여론조사심의위원회,jeonbuk,부안군,mayor,17498
15433,경기도 전체    광역단체장선거 교육감선거 정당지지도,조원씨앤아이,시·도단위 신문 : 경기일보,2026-02-21 09:40,전체,https://www.nesdc.go.kr/portal/bbs/B0000005/view.do?nttId=17497&menuNo=200467&searchTime=&sdate=&edate=&pdate=&pollGubuncd=&searchCnd=&searchWrd=&pageIndex=19,출처: 중앙선거여론조사심의위원회,gyeonggi,,governor,17497
15432,전국   정기(정례)조사 정당지지도,조원씨앤아이,인터넷언론 : 스트레이트뉴스,2026-02-21 11:30 ~ 2026-02-22 21:04,전체,https://www.nesdc.go.kr/portal/bbs/B0000005/view.do?nttId=17495&menuNo=200467&searchTime=&sdate=&edate=&pdate=&pollGubuncd=&searchCnd=&searchWrd=&pageIndex=19,출처: 중앙선거여론조사심의위원회,,,party_support,17495
15431,경기도 안산시    기초단체장선거 정당지지도,(주)데일리리서치,시·도단위 신문 : 중부일보,2026-02-22 10:00 ~ 2026-02-23 21:00,전체,https://www.nesdc.go.kr/portal/bbs/B0000005/view.do?nttId=17496&menuNo=200467&searchTime=&sdate=&edate=&pdate=&pollGubuncd=&searchCnd=&searchWrd=&pageIndex=19,출처: 중앙선거여론조사심의위원회,gyeonggi,안산시,mayor,17496
15430,전국 전체 정기(정례)조사,여론조사공정(주),인터넷언론 : 펜앤마이크,2026-02-22 13:00 ~ 2026-02-23 21:20,전체,https://www.nesdc.go.kr/portal/bbs/B0000005/view.do?nttId=17494&menuNo=200467&searchTime=&sdate=&edate=&pdate=&pollGubuncd=&searchCnd=&searchWrd=&pageIndex=20,출처: 중앙선거여론조사심의위원회,,,party_support,17494
15429,경상북도 청송군    기초단체장선거 정당지지도,(주)에브리리서치,시·도단위 신문 : 사단법인 경북지역신문총연합회,2026-02-23 11:00,전체,https://www.nesdc.go.kr/portal/bbs/B0000005/view.do?nttId=17493&menuNo=200467&searchTime=&sdate=&edate=&pdate=&pollGubuncd=&searchCnd=&searchWrd=&pageIndex=20,출처: 중앙선거여론조사심의위원회,gyeongbuk,청송군,mayor,17493
15427,전라남도 순천시    기초단체장선거 정당지지도,(주)리얼미터,전국단위 신문 : 에너지경제신문,2026-02-21 10:10 ~ 2026-02-22 21:20,전체,https://www.nesdc.go.kr/portal/bbs/B0000005/view.do?nttId=17492&menuNo=200467&searchTime=&sdate=&edate=&pdate=&pollGubuncd=&searchCnd=&searchWrd=&pageIndex=20,출처: 중앙선거여론조사심의위원회,jeonnam,순천시,mayor,17492
15426,경기도 양평군    기초단체장선거 정당지지도,조원씨앤아이,인터넷언론 : YPN뉴스,2026-02-21 11:00 ~ 2026-02-22 19:20,전체,https://www.nesdc.go.kr/portal/bbs/B0000005/view.do?nttId=17490&menuNo=200467&searchTime=&sdate=&edate=&pdate=&pollGubuncd=&searchCnd=&searchWrd=&pageIndex=20,출처: 중앙선거여론조사심의위원회,gyeonggi,양평군,mayor,17490
15425,서울특별시 마포구    기초단체장선거 정당지지도,여론조사공정(주),"인터넷언론 : 파이낸스투데이, 더퍼블릭",2026-02-20 12:00 ~ 2026-02-21 21:20,전체,https://www.nesdc.go.kr/portal/bbs/B0000005/view.do?nttId=17491&menuNo=200467&searchTime=&sdate=&edate=&pdate=&pollGubuncd=&searchCnd=&searchWrd=&pageIndex=20,출처: 중앙선거여론조사심의위원회,seoul,마포구,mayor,17491
15424,강원특별자치도 횡성군    기초단체장선거,(주)이너텍시스템즈,구·시·군단위 신문 : 횡성희망신문,2026-02-19 10:00 ~ 2026-02-20 18:50,전체,https://www.nesdc.go.kr/portal/bbs/B0000005/view.do?nttId=17489&menuNo=200467&searchTime=&sdate=&edate=&pdate=&pollGubuncd=&searchCnd=&searchWrd=&pageIndex=20,출처: 중앙선거여론조사심의위원회,gangwon,횡성군,mayor,17489
15423,경기도 안성시    기초단체장선거 정당지지도,(주)에브리리서치,인터넷언론 : (주)에브리뉴스,2026-02-21 11:07 ~ 2026-02-22 20:34,전체,https://www.nesdc.go.kr/portal/bbs/B0000005/view.do?nttId=17488&menuNo=200467&searchTime=&sdate=&edate=&pdate=&pollGubuncd=&searchCnd=&searchWrd=&pageIndex=20,출처: 중앙선거여론조사심의위원회,gyeonggi,안성시,mayor,17488
15422,경기도 부천시    기초단체장선거 정당지지도,(주)데일리리서치,시·도단위 신문 : 경기신문,2026-02-19 11:00 ~ 2026-02-20 21:00,전체,https://www.nesdc.go.kr/portal/bbs/B0000005/view.do?nttId=17471&menuNo=200467&searchTime=&sdate=&edate=&pdate=&pollGubuncd=&searchCnd=&searchWrd=&pageIndex=20,출처: 중앙선거여론조사심의위원회,gyeonggi,부천시,mayor,17471
15421,전국   정기(정례)조사 정당지지도,(주)에브리리서치,인터넷언론/인터넷언론 : (주)에브리뉴스/미디어로컬(사단법인 한국지역언론인클럽),2026-02-21 13:06 ~ 2026-02-22 20:35,전체,https://www.nesdc.go.kr/portal/bbs/B0000005/view.do?nttId=17487&menuNo=200467&searchTime=&sdate=&edate=&pdate=&pollGubuncd=&searchCnd=&searchWrd=&pageIndex=20,출처: 중앙선거여론조사심의위원회,,,party_support,17487
15420,전국   광역단체장선거 정당지지도,(주)알앤써치,시·도단위 신문/통신사 : 남도일보/뉴스원 광주 전남 취재 본부,2026-02-21 16:00 ~ 2026-02-22 21:40,전체,https://www.nesdc.go.kr/portal/bbs/B0000005/view.do?nttId=17486&menuNo=200467&searchTime=&sdate=&edate=&pdate=&pollGubuncd=&searchCnd=&searchWrd=&pageIndex=20,출처: 중앙선거여론조사심의위원회,,,governor,17486
15419,전국   정당지지도,KOPRA,개인 : 대한민국 자유 유튜브 총연합회(회장 이영풍),2026-02-21 11:40 ~ 2026-02-22 21:40,전체,https://www.nesdc.go.kr/portal/bbs/B0000005/view.do?nttId=17485&menuNo=200467&searchTime=&sdate=&edate=&pdate=&pollGubuncd=&searchCnd=&searchWrd=&pageIndex=21,출처: 중앙선거여론조사심의위원회,,,party_support,17485
15416,전국   정기(정례)조사 정당지지도,(주)여론조사꽃,조사기관 자체 : (주)여론조사꽃,2026-02-20 14:20 ~ 2026-02-21 21:00,전체,https://www.nesdc.go.kr/portal/bbs/B0000005/view.do?nttId=17481&menuNo=200467&searchTime=&sdate=&edate=&pdate=&pollGubuncd=&searchCnd=&searchWrd=&pageIndex=21,출처: 중앙선거여론조사심의위원회,,,party_support,17481
15415,전국   정기(정례)조사 정당지지도,(주)여론조사꽃,조사기관 자체 : (주)여론조사꽃,2026-02-20 18:00 ~ 2026-02-21 20:50,전체,https://www.nesdc.go.kr/portal/bbs/B0000005/view.do?nttId=17480&menuNo=200467&searchTime=&sdate=&edate=&pdate=&pollGubuncd=&searchCnd=&searchWrd=&pageIndex=21,출처: 중앙선거여론조사심의위원회,,,party_support,17480
15414,경상북도 영천시    기초단체장선거 정당지지도,(주)코리아정보리서치,구·시·군단위 신문 : 경북신문,2026-02-20 10:00 ~ 2026-02-21 19:00,전체,https://www.nesdc.go.kr/portal/bbs/B0000005/view.do?nttId=17479&menuNo=200467&searchTime=&sdate=&edate=&pdate=&pollGubuncd=&searchCnd=&searchWrd=&pageIndex=21,출처: 중앙선거여론조사심의위원회,gyeongbuk,영천시,mayor,17479
15413,인천광역시 전체    광역단체장선거 교육감선거 정당지지도 기타 현안,(주)한국리서치,시·도단위 신문 : 경인일보,2026-02-20 09:51 ~ 2026-02-21 18:42,전체,https://www.nesdc.go.kr/portal/bbs/B0000005/view.do?nttId=17478&menuNo=200467&searchTime=&sdate=&edate=&pdate=&pollGubuncd=&searchCnd=&searchWrd=&pageIndex=21,출처: 중앙선거여론조사심의위원회,incheon,,governor,17478
15412,부산광역시 전체    광역단체장선거 정당지지도,케이에스오아이 주식회사(한국사회여론연구소),방송사 : 부산MBC,2026-02-20 10:30 ~ 2026-02-21 20:40,전체,https://www.nesdc.go.kr/portal/bbs/B0000005/view.do?nttId=17472&menuNo=200467&searchTime=&sdate=&edate=&pdate=&pollGubuncd=&searchCnd=&searchWrd=&pageIndex=21,출처: 중앙선거여론조사심의위원회,busan,,governor,17472
15411,경기도 전체    광역단체장선거 교육감선거 정당지지도 기타 현안,(주)한국리서치,시·도단위 신문 : 경인일보,2026-02-19 10:46 ~ 2026-02-20 21:01,전체,https://www.nesdc.go.kr/portal/bbs/B0000005/view.do?nttId=17477&menuNo=200467&searchTime=&sdate=&edate=&pdate=&pollGubuncd=&searchCnd=&searchWrd=&pageIndex=21,출처: 중앙선거여론조사심의위원회,gyeonggi,,governor,17477
15410,경기도 전체    광역단체장선거 교육감선거 정당지지도 기타 현안,(주)한국리서치,시·도단위 신문 : 경인일보,2026-02-19 10:46 ~ 2026-02-20 21:01,전체,https://www.nesdc.go.kr/portal/bbs/B0000005/view.do?nttId=17476&menuNo=200467&searchTime=&sdate=&edate=&pdate=&pollGubuncd=&searchCnd=&searchWrd=&pageIndex=21,출처: 중앙선거여론조사심의위원회,gyeonggi,,governor,17476
15409,전북특별자치도 전체    광역단체장선거 정당지지도 교육감선거,한길리서치,시·도단위 신문 : 새전북신문,2026-02-19 19:30 ~ 2026-02-20 20:30,전체,https://www.nesdc.go.kr/portal/bbs/B0000005/view.do?nttId=17474&menuNo=200467&searchTime=&sdate=&edate=&pdate=&pollGubuncd=&searchCnd=&searchWrd=&pageIndex=21,출처: 중앙선거여론조사심의위원회,jeonbuk,,governor,17474
15408,전북특별자치도 남원시    기초단체장선거,(주)데일리리서치,구·시·군단위 신문 : 전북제일신문,2026-02-20 10:30,전체,https://www.nesdc.go.kr/portal/bbs/B0000005/view.do?nttId=17473&menuNo=200467&searchTime=&sdate=&edate=&pdate=&pollGubuncd=&searchCnd=&searchWrd=&pageIndex=21,출처: 중앙선거여론조사심의위원회,jeonbuk,남원시,mayor,17473
15407,강원특별자치도 원주시    광역단체장선거 기초단체장선거 정당지지도,한국갤럽조사연구소,구·시·군단위 신문 : 원주신문,2026-02-19 12:30 ~ 2026-02-20 17:55,전체,https://www.nesdc.go.kr/portal/bbs/B0000005/view.do?nttId=17468&menuNo=200467&searchTime=&sdate=&edate=&pdate=&pollGubuncd=&searchCnd=&searchWrd=&pageIndex=22,출처: 중앙선거여론조사심의위원회,gangwon,원주시,mayor,17468
15406,경기도 전체    정당지지도 광역단체장선거 정치사회현안,(주)엠브레인퍼블릭,시·도단위 신문 : 중부일보,2026-02-19 15:10 ~ 2026-02-20 19:50,전체,https://www.nesdc.go.kr/portal/bbs/B0000005/view.do?nttId=17469&menuNo=200467&searchTime=&sdate=&edate=&pdate=&pollGubuncd=&searchCnd=&searchWrd=&pageIndex=22,출처: 중앙선거여론조사심의위원회,gyeonggi,,governor,17469
15405,전국   정기(정례)조사 정당지지도 2월 3주차 주간집계,(주)리얼미터,전국단위 신문 : 에너지경제신문,2026-02-19 12:00 ~ 2026-02-20 16:11,전체,https://www.nesdc.go.kr/portal/bbs/B0000005/view.do?nttId=17470&menuNo=200467&searchTime=&sdate=&edate=&pdate=&pollGubuncd=&searchCnd=&searchWrd=&pageIndex=22,출처: 중앙선거여론조사심의위원회,,,party_support,17470
15404,경상남도 산청군    기초단체장선거 정당지지도,케이에스오아이 주식회사(한국사회여론연구소),구·시·군단위 신문 : 산청시대,2026-02-19 11:00 ~ 2026-02-20 19:30,전체,https://www.nesdc.go.kr/portal/bbs/B0000005/view.do?nttId=17465&menuNo=200467&searchTime=&sdate=&edate=&pdate=&pollGubuncd=&searchCnd=&searchWrd=&pageIndex=22,출처: 중앙선거여론조사심의위원회,gyeongnam,산청군,mayor,17465
15403,대구광역시 북구    기초단체장선거 정당지지도,(주)비전코리아,전국단위 신문/구·시·군단위 신문 : 포털신문/영남매일뉴스,2026-02-19 10:18 ~ 2026-02-20 21:28,전체,https://www.nesdc.go.kr/portal/bbs/B0000005/view.do?nttId=17467&menuNo=200467&searchTime=&sdate=&edate=&pdate=&pollGubuncd=&searchCnd=&searchWrd=&pageIndex=22,출처: 중앙선거여론조사심의위원회,daegu,,mayor,17467
15402,전국   정당지지도,주식회사 한민리서치,시·도단위 신문 : 충청투데이,2026-02-19 10:30 ~ 2026-02-20 21:00,전체,https://www.nesdc.go.kr/portal/bbs/B0000005/view.do?nttId=17466&menuNo=200467&searchTime=&sdate=&edate=&pdate=&pollGubuncd=&searchCnd=&searchWrd=&pageIndex=22,출처: 중앙선거여론조사심의위원회,,,party_support,17466
15401,경상북도 예천군    기초단체장선거 정당지지도,모노커뮤니케이션즈(모노리서치),인터넷언론 : 예천인터넷신문,2026-01-31 13:53 ~ 2026-02-01 20:47,전체,https://www.nesdc.go.kr/portal/bbs/B0000005/view.do?nttId=17308&menuNo=200467&searchTime=&sdate=&edate=&pdate=&pollGubuncd=&searchCnd=&searchWrd=&pageIndex=22,출처: 중앙선거여론조사심의위원회,gyeongbuk,예천군,mayor,17308
15400,대구광역시 전체    광역단체장선거 정당지지도,(주)에스티아이,개인 : 사장남천동,2026-02-13 11:00 ~ 2026-02-14 21:00,전체,https://www.nesdc.go.kr/portal/bbs/B0000005/view.do?nttId=17464&menuNo=200467&searchTime=&sdate=&edate=&pdate=&pollGubuncd=&searchCnd=&searchWrd=&pageIndex=22,출처: 중앙선거여론조사심의위원회,daegu,,governor,17464
15399,경기도 전체    광역단체장선거 정당지지도,(주)에스티아이,개인 : 사장남천동,2026-02-13 11:00 ~ 2026-02-14 21:00,전체,https://www.nesdc.go.kr/portal/bbs/B0000005/view.do?nttId=17462&menuNo=200467&searchTime=&sdate=&edate=&pdate=&pollGubuncd=&searchCnd=&searchWrd=&pageIndex=22,출처: 중앙선거여론조사심의위원회,gyeonggi,,governor,17462
15398,경상북도 울릉군    기초단체장선거 정당지지도,(주)코리아정보리서치,인터넷언론 : 데일리임팩트 대구경북취재본부,2026-02-14 11:00,전체,https://www.nesdc.go.kr/portal/bbs/B0000005/view.do?nttId=17461&menuNo=200467&searchTime=&sdate=&edate=&pdate=&pollGubuncd=&searchCnd=&searchWrd=&pageIndex=22,출처: 중앙선거여론조사심의위원회,gyeongbuk,울릉군,mayor,17461
15397,경상북도 포항시    기초단체장선거 정당지지도,여론조사공정(주),인터넷언론 : 펜앤마이크,2026-02-14 13:00 ~ 2026-02-15 21:20,전체,https://www.nesdc.go.kr/portal/bbs/B0000005/view.do?nttId=17460&menuNo=200467&searchTime=&sdate=&edate=&pdate=&pollGubuncd=&searchCnd=&searchWrd=&pageIndex=23,출처: 중앙선거여론조사심의위원회,gyeongbuk,포항시,mayor,17460
15395,전국   광역단체장선거 교육감선거 정당지지도 정치사회현안,(주)엠브레인퍼블릭,방송사 : 목포MBC,2026-02-10 10:01 ~ 2026-02-11 20:32,전체,https://www.nesdc.go.kr/portal/bbs/B0000005/view.do?nttId=17458&menuNo=200467&searchTime=&sdate=&edate=&pdate=&pollGubuncd=&searchCnd=&searchWrd=&pageIndex=23,출처: 중앙선거여론조사심의위원회,,,governor,17458
15394,전국   대통령선거 정당지지도,KOPRA,개인 : 대한민국 자유 유튜브 총연합회(회장 이영풍),2026-02-14 12:45 ~ 2026-02-15 21:50,전체,https://www.nesdc.go.kr/portal/bbs/B0000005/view.do?nttId=17457&menuNo=200467&searchTime=&sdate=&edate=&pdate=&pollGubuncd=&searchCnd=&searchWrd=&pageIndex=23,출처: 중앙선거여론조사심의위원회,,,party_support,17457
15393,경상북도 포항시    정당지지도 기초단체장선거,(주)리얼미터,인터넷언론 : 뉴스투데이대구경북취재본부,2026-02-13 14:30 ~ 2026-02-14 21:00,전체,https://www.nesdc.go.kr/portal/bbs/B0000005/view.do?nttId=17456&menuNo=200467&searchTime=&sdate=&edate=&pdate=&pollGubuncd=&searchCnd=&searchWrd=&pageIndex=23,출처: 중앙선거여론조사심의위원회,gyeongbuk,포항시,mayor,17456
15392,충청북도 전체    정당지지도 광역단체장선거 교육감선거,(주)리얼미터,인터넷언론 : 오마이뉴스,2026-02-13 14:30 ~ 2026-02-14 20:50,전체,https://www.nesdc.go.kr/portal/bbs/B0000005/view.do?nttId=17455&menuNo=200467&searchTime=&sdate=&edate=&pdate=&pollGubuncd=&searchCnd=&searchWrd=&pageIndex=23,출처: 중앙선거여론조사심의위원회,chungbuk,,governor,17455
15391,경기도 전체    정당지지도 광역단체장선거 교육감선거,(주)리얼미터,인터넷언론 : 오마이뉴스,2026-02-13 14:30 ~ 2026-02-14 21:10,전체,https://www.nesdc.go.kr/portal/bbs/B0000005/view.do?nttId=17454&menuNo=200467&searchTime=&sdate=&edate=&pdate=&pollGubuncd=&searchCnd=&searchWrd=&pageIndex=23,출처: 중앙선거여론조사심의위원회,gyeonggi,,governor,17454
15390,전국   광역단체장선거 교육감선거 정당지지도 정치사회현안,(주)엠브레인퍼블릭,방송사 : 목포MBC,2026-02-10 10:01 ~ 2026-02-11 20:32,전체,https://www.nesdc.go.kr/portal/bbs/B0000005/view.do?nttId=17399&menuNo=200467&searchTime=&sdate=&edate=&pdate=&pollGubuncd=&searchCnd=&searchWrd=&pageIndex=23,출처: 중앙선거여론조사심의위원회,,,governor,17399
15389,전북특별자치도 전주시    기초단체장선거 정당지지도,(주)리서치뷰,시·도단위 신문 : 전북제일신문,2026-02-13 10:00 ~ 2026-02-14 21:00,전체,https://www.nesdc.go.kr/portal/bbs/B0000005/view.do?nttId=17453&menuNo=200467&searchTime=&sdate=&edate=&pdate=&pollGubuncd=&searchCnd=&searchWrd=&pageIndex=23,출처: 중앙선거여론조사심의위원회,jeonbuk,전주시,mayor,17453
15388,전국   정당지지도,입소스 주식회사,방송사 : SBS,2026-02-12 13:00 ~ 2026-02-13 15:50,전체,https://www.nesdc.go.kr/portal/bbs/B0000005/view.do?nttId=17452&menuNo=200467&searchTime=&sdate=&edate=&pdate=&pollGubuncd=&searchCnd=&searchWrd=&pageIndex=23,출처: 중앙선거여론조사심의위원회,,,party_support,17452
15387,전국   정당지지도,입소스 주식회사,방송사 : SBS,2026-02-12 13:00 ~ 2026-02-13 15:50,전체,https://www.nesdc.go.kr/portal/bbs/B0000005/view.do?nttId=17451&menuNo=200467&searchTime=&sdate=&edate=&pdate=&pollGubuncd=&searchCnd=&searchWrd=&pageIndex=23,출처: 중앙선거여론조사심의위원회,,,party_support,17451
15386,경기도 전체    광역단체장선거 정당지지도,입소스 주식회사,방송사 : SBS,2026-02-11 10:20 ~ 2026-02-12 21:40,전체,https://www.nesdc.go.kr/portal/bbs/B0000005/view.do?nttId=17449&menuNo=200467&searchTime=&sdate=&edate=&pdate=&pollGubuncd=&searchCnd=&searchWrd=&pageIndex=24,출처: 중앙선거여론조사심의위원회,gyeonggi,,governor,17449
15385,서울특별시 전체    광역단체장선거 정당지지도,입소스 주식회사,방송사 : SBS,2026-02-11 10:20 ~ 2026-02-12 21:40,전체,https://www.nesdc.go.kr/portal/bbs/B0000005/view.do?nttId=17448&menuNo=200467&searchTime=&sdate=&edate=&pdate=&pollGubuncd=&searchCnd=&searchWrd=&pageIndex=24,출처: 중앙선거여론조사심의위원회,seoul,,governor,17448
15384,전북특별자치도 익산시    기초단체장선거 정당지지도,한길리서치,시·도단위 신문 : 새전북신문,2026-02-13 17:00 ~ 2026-02-14 21:00,전체,https://www.nesdc.go.kr/portal/bbs/B0000005/view.do?nttId=17450&menuNo=200467&searchTime=&sdate=&edate=&pdate=&pollGubuncd=&searchCnd=&searchWrd=&pageIndex=24,출처: 중앙선거여론조사심의위원회,jeonbuk,익산시,mayor,17450
15383,경상북도 봉화군    기초단체장선거 정당지지도,(주)에브리리서치,구·시·군단위 신문 : 봉화일보,2026-02-14 11:00,전체,https://www.nesdc.go.kr/portal/bbs/B0000005/view.do?nttId=17447&menuNo=200467&searchTime=&sdate=&edate=&pdate=&pollGubuncd=&searchCnd=&searchWrd=&pageIndex=24,출처: 중앙선거여론조사심의위원회,gyeongbuk,봉화군,mayor,17447
15382,전라남도 함평군    기초단체장선거 정당지지도,(주)비전코리아,시·도단위 신문 : 전남희망신문,2026-02-13 12:49,전체,https://www.nesdc.go.kr/portal/bbs/B0000005/view.do?nttId=17445&menuNo=200467&searchTime=&sdate=&edate=&pdate=&pollGubuncd=&searchCnd=&searchWrd=&pageIndex=24,출처: 중앙선거여론조사심의위원회,jeonnam,함평군,mayor,17445
15381,전국   정당지지도 정기(정례)조사 설날특집 정치 사회 현안 조사(2차),(주)코리아리서치인터내셔널,방송사 : MBC,2026-02-11 13:00 ~ 2026-02-12 21:10,전체,https://www.nesdc.go.kr/portal/bbs/B0000005/view.do?nttId=17446&menuNo=200467&searchTime=&sdate=&edate=&pdate=&pollGubuncd=&searchCnd=&searchWrd=&pageIndex=24,출처: 중앙선거여론조사심의위원회,,,party_support,17446
15380,전국 전체 정당지지도정기(정례)조사 설날특집 정치 사회 현안 조사(2차),(주)코리아리서치인터내셔널,방송사 : MBC,2026-02-11 13:00 ~ 2026-02-12 21:10,전체,https://www.nesdc.go.kr/portal/bbs/B0000005/view.do?nttId=17444&menuNo=200467&searchTime=&sdate=&edate=&pdate=&pollGubuncd=&searchCnd=&searchWrd=&pageIndex=24,출처: 중앙선거여론조사심의위원회,,,party_support,17444
15379,서울특별시 전체    광역단체장선거 정당지지도 교육감선거 지역 현안 조사,(주)코리아리서치인터내셔널,방송사 : MBC,2026-02-11 13:00 ~ 2026-02-12 21:00,전체,https://www.nesdc.go.kr/portal/bbs/B0000005/view.do?nttId=17443&menuNo=200467&searchTime=&sdate=&edate=&pdate=&pollGubuncd=&searchCnd=&searchWrd=&pageIndex=24,출처: 중앙선거여론조사심의위원회,seoul,,governor,17443
15378,강원특별자치도 전체    광역단체장선거 교육감선거 정당지지도,조원씨앤아이,인터넷언론 : 스트레이트뉴스,2026-02-12 11:30 ~ 2026-02-13 20:58,전체,https://www.nesdc.go.kr/portal/bbs/B0000005/view.do?nttId=17442&menuNo=200467&searchTime=&sdate=&edate=&pdate=&pollGubuncd=&searchCnd=&searchWrd=&pageIndex=24,출처: 중앙선거여론조사심의위원회,gangwon,,governor,17442
15377,경상북도 예천군    기초단체장선거 정당지지도,모노커뮤니케이션즈(모노리서치),인터넷언론 : 예천인터넷신문,2026-02-12 13:50 ~ 2026-02-13 20:59,전체,https://www.nesdc.go.kr/portal/bbs/B0000005/view.do?nttId=17437&menuNo=200467&searchTime=&sdate=&edate=&pdate=&pollGubuncd=&searchCnd=&searchWrd=&pageIndex=24,출처: 중앙선거여론조사심의위원회,gyeongbuk,예천군,mayor,17437
15376,전라남도 곡성군    기초의원선거 정당지지도,(주)코리아정보리서치,인터넷언론 : 일간투데이,2026-02-05 10:00 ~ 2026-02-06 18:00,전체,https://www.nesdc.go.kr/portal/bbs/B0000005/view.do?nttId=17441&menuNo=200467&searchTime=&sdate=&edate=&pdate=&pollGubuncd=&searchCnd=&searchWrd=&pageIndex=25,출처: 중앙선거여론조사심의위원회,jeonnam,곡성군,party_support,17441
15374,전북특별자치도 임실군    기초단체장선거 정당지지도,(주)코리아정보리서치,인터넷언론 : 케이저널,2026-02-12 14:00 ~ 2026-02-13 18:00,전체,https://www.nesdc.go.kr/portal/bbs/B0000005/view.do?nttId=17439&menuNo=200467&searchTime=&sdate=&edate=&pdate=&pollGubuncd=&searchCnd=&searchWrd=&pageIndex=25,출처: 중앙선거여론조사심의위원회,jeonbuk,임실군,mayor,17439
15373,전국   정기(정례)조사 정당지지도 2월 2주차 주간집계,(주)리얼미터,전국단위 신문 : 에너지경제신문,2026-02-12 12:00 ~ 2026-02-13 17:15,전체,https://www.nesdc.go.kr/portal/bbs/B0000005/view.do?nttId=17436&menuNo=200467&searchTime=&sdate=&edate=&pdate=&pollGubuncd=&searchCnd=&searchWrd=&pageIndex=25,출처: 중앙선거여론조사심의위원회,,,party_support,17436
15372,강원특별자치도 전체    광역단체장선거 정당지지도,케이스탯리서치,방송사 : KBS,2026-02-10 10:00 ~ 2026-02-11 22:00,전체,https://www.nesdc.go.kr/portal/bbs/B0000005/view.do?nttId=17435&menuNo=200467&searchTime=&sdate=&edate=&pdate=&pollGubuncd=&searchCnd=&searchWrd=&pageIndex=25,출처: 중앙선거여론조사심의위원회,gangwon,,governor,17435
15371,충청남도 전체    광역단체장선거 정당지지도,케이스탯리서치,방송사 : KBS,2026-02-10 10:00 ~ 2026-02-11 22:00,전체,https://www.nesdc.go.kr/portal/bbs/B0000005/view.do?nttId=17375&menuNo=200467&searchTime=&sdate=&edate=&pdate=&pollGubuncd=&searchCnd=&searchWrd=&pageIndex=25,출처: 중앙선거여론조사심의위원회,chungnam,,governor,17375
15370,대전광역시 전체    광역단체장선거 정당지지도,케이스탯리서치,방송사 : KBS,2026-02-10 10:00 ~ 2026-02-11 22:00,전체,https://www.nesdc.go.kr/portal/bbs/B0000005/view.do?nttId=17374&menuNo=200467&searchTime=&sdate=&edate=&pdate=&pollGubuncd=&searchCnd=&searchWrd=&pageIndex=25,출처: 중앙선거여론조사심의위원회,daejeon,,governor,17374
15369,경상남도 전체    광역단체장선거 정당지지도,케이스탯리서치,방송사 : KBS,2026-02-10 10:00 ~ 2026-02-11 22:00,전체,https://www.nesdc.go.kr/portal/bbs/B0000005/view.do?nttId=17373&menuNo=200467&searchTime=&sdate=&edate=&pdate=&pollGubuncd=&searchCnd=&searchWrd=&pageIndex=25,출처: 중앙선거여론조사심의위원회,gyeongnam,,governor,17373
15368,부산광역시 전체    광역단체장선거 정당지지도,케이스탯리서치,방송사 : KBS,2026-02-10 10:00 ~ 2026-02-11 22:00,전체,https://www.nesdc.go.kr/portal/bbs/B0000005/view.do?nttId=17371&menuNo=200467&searchTime=&sdate=&edate=&pdate=&pollGubuncd=&searchCnd=&searchWrd=&pageIndex=25,출처: 중앙선거여론조사심의위원회,busan,,governor,17371
15367,경기도 전체    광역단체장선거 정당지지도,케이스탯리서치,방송사 : KBS,2026-02-10 10:00 ~ 2026-02-11 22:00,전체,https://www.nesdc.go.kr/portal/bbs/B0000005/view.do?nttId=17370&menuNo=200467&searchTime=&sdate=&edate=&pdate=&pollGubuncd=&searchCnd=&searchWrd=&pageIndex=25,출처: 중앙선거여론조사심의위원회,gyeonggi,,governor,17370
15366,서울특별시 전체    광역단체장선거 정당지지도,케이스탯리서치,방송사 : KBS,2026-02-10 10:00 ~ 2026-02-11 22:00,전체,https://www.nesdc.go.kr/portal/bbs/B0000005/view.do?nttId=17369&menuNo=200467&searchTime=&sdate=&edate=&pdate=&pollGubuncd=&searchCnd=&searchWrd=&pageIndex=25,출처: 중앙선거여론조사심의위원회,seoul,,governor,17369
15365,전국   광역단체장선거 정당지지도,케이스탯리서치,방송사 : KBS,2026-02-10 10:00 ~ 2026-02-11 22:00,전체,https://www.nesdc.go.kr/portal/bbs/B0000005/view.do?nttId=17368&menuNo=200467&searchTime=&sdate=&edate=&pdate=&pollGubuncd=&searchCnd=&searchWrd=&pageIndex=26,출처: 중앙선거여론조사심의위원회,,,governor,17368
15364,경상북도 안동시    정당지지도 기초단체장선거,(주)리얼미터,인터넷언론 : 프레시안대구경북취재본부,2026-02-12 11:00 ~ 2026-02-13 19:50,전체,https://www.nesdc.go.kr/portal/bbs/B0000005/view.do?nttId=17434&menuNo=200467&searchTime=&sdate=&edate=&pdate=&pollGubuncd=&searchCnd=&searchWrd=&pageIndex=26,출처: 중앙선거여론조사심의위원회,gyeongbuk,안동시,mayor,17434
15361,전라남도 진도군    기초단체장선거 정당지지도 정치사회현안,(주)엠브레인퍼블릭,방송사 : 목포MBC,2026-02-07 10:01 ~ 2026-02-08 19:28,전체,https://www.nesdc.go.kr/portal/bbs/B0000005/view.do?nttId=17432&menuNo=200467&searchTime=&sdate=&edate=&pdate=&pollGubuncd=&searchCnd=&searchWrd=&pageIndex=26,출처: 중앙선거여론조사심의위원회,jeonnam,진도군,mayor,17432
15360,전라남도 완도군    기초단체장선거 정당지지도 정치사회현안,(주)엠브레인퍼블릭,방송사 : 목포MBC,2026-02-07 10:01 ~ 2026-02-08 19:21,전체,https://www.nesdc.go.kr/portal/bbs/B0000005/view.do?nttId=17431&menuNo=200467&searchTime=&sdate=&edate=&pdate=&pollGubuncd=&searchCnd=&searchWrd=&pageIndex=26,출처: 중앙선거여론조사심의위원회,jeonnam,완도군,mayor,17431
15359,전라남도 해남군    기초단체장선거 정당지지도 정치사회현안,(주)엠브레인퍼블릭,방송사 : 목포MBC,2026-02-07 10:01 ~ 2026-02-08 19:31,전체,https://www.nesdc.go.kr/portal/bbs/B0000005/view.do?nttId=17430&menuNo=200467&searchTime=&sdate=&edate=&pdate=&pollGubuncd=&searchCnd=&searchWrd=&pageIndex=26,출처: 중앙선거여론조사심의위원회,jeonnam,해남군,mayor,17430
15358,전라남도 영암군    기초단체장선거 정당지지도 정치사회현안,(주)엠브레인퍼블릭,방송사 : 목포MBC,2026-02-09 10:01 ~ 2026-02-10 20:20,전체,https://www.nesdc.go.kr/portal/bbs/B0000005/view.do?nttId=17429&menuNo=200467&searchTime=&sdate=&edate=&pdate=&pollGubuncd=&searchCnd=&searchWrd=&pageIndex=26,출처: 중앙선거여론조사심의위원회,jeonnam,영암군,mayor,17429
15357,전라남도 장흥군    기초단체장선거 정당지지도 정치사회현안,(주)엠브레인퍼블릭,방송사 : 목포MBC,2026-02-08 10:01 ~ 2026-02-09 17:09,전체,https://www.nesdc.go.kr/portal/bbs/B0000005/view.do?nttId=17428&menuNo=200467&searchTime=&sdate=&edate=&pdate=&pollGubuncd=&searchCnd=&searchWrd=&pageIndex=26,출처: 중앙선거여론조사심의위원회,jeonnam,장흥군,mayor,17428
15356,전라남도 강진군    기초단체장선거 정당지지도 정치사회현안,(주)엠브레인퍼블릭,방송사 : 목포MBC,2026-02-08 10:02 ~ 2026-02-09 17:31,전체,https://www.nesdc.go.kr/portal/bbs/B0000005/view.do?nttId=17427&menuNo=200467&searchTime=&sdate=&edate=&pdate=&pollGubuncd=&searchCnd=&searchWrd=&pageIndex=26,출처: 중앙선거여론조사심의위원회,jeonnam,강진군,mayor,17427
15355,전라남도 신안군    기초단체장선거 정당지지도 정치사회현안,(주)엠브레인퍼블릭,방송사 : 목포MBC,2026-02-07 10:01 ~ 2026-02-08 19:19,전체,https://www.nesdc.go.kr/portal/bbs/B0000005/view.do?nttId=17426&menuNo=200467&searchTime=&sdate=&edate=&pdate=&pollGubuncd=&searchCnd=&searchWrd=&pageIndex=26,출처: 중앙선거여론조사심의위원회,jeonnam,신안군,mayor,17426
15354,전라남도 무안군    기초단체장선거 정당지지도 정치사회현안,(주)엠브레인퍼블릭,방송사 : 목포MBC,2026-02-07 10:01 ~ 2026-02-08 19:33,전체,https://www.nesdc.go.kr/portal/bbs/B0000005/view.do?nttId=17425&menuNo=200467&searchTime=&sdate=&edate=&pdate=&pollGubuncd=&searchCnd=&searchWrd=&pageIndex=26,출처: 중앙선거여론조사심의위원회,jeonnam,무안군,mayor,17425
15353,전라남도 목포시    기초단체장선거 정당지지도 정치사회현안,(주)엠브레인퍼블릭,방송사 : 목포MBC,2026-02-09 10:03 ~ 2026-02-10 20:32,전체,https://www.nesdc.go.kr/portal/bbs/B0000005/view.do?nttId=17424&menuNo=200467&searchTime=&sdate=&edate=&pdate=&pollGubuncd=&searchCnd=&searchWrd=&pageIndex=27,출처: 중앙선거여론조사심의위원회,jeonnam,목포시,mayor,17424
15352,전라남도 장흥군    기초단체장선거 정당지지도 정치사회현안,(주)엠브레인퍼블릭,방송사 : 목포MBC,2026-02-08 10:01 ~ 2026-02-09 17:09,전체,https://www.nesdc.go.kr/portal/bbs/B0000005/view.do?nttId=17396&menuNo=200467&searchTime=&sdate=&edate=&pdate=&pollGubuncd=&searchCnd=&searchWrd=&pageIndex=27,출처: 중앙선거여론조사심의위원회,jeonnam,장흥군,mayor,17396
15351,전라남도 진도군    기초단체장선거 정당지지도 정치사회현안,(주)엠브레인퍼블릭,방송사 : 목포MBC,2026-02-07 10:01 ~ 2026-02-08 19:28,전체,https://www.nesdc.go.kr/portal/bbs/B0000005/view.do?nttId=17391&menuNo=200467&searchTime=&sdate=&edate=&pdate=&pollGubuncd=&searchCnd=&searchWrd=&pageIndex=27,출처: 중앙선거여론조사심의위원회,jeonnam,진도군,mayor,17391
15350,전라남도 완도군    기초단체장선거 정당지지도 정치사회현안,(주)엠브레인퍼블릭,방송사 : 목포MBC,2026-02-07 10:01 ~ 2026-02-08 19:21,전체,https://www.nesdc.go.kr/portal/bbs/B0000005/view.do?nttId=17382&menuNo=200467&searchTime=&sdate=&edate=&pdate=&pollGubuncd=&searchCnd=&searchWrd=&pageIndex=27,출처: 중앙선거여론조사심의위원회,jeonnam,완도군,mayor,17382
15349,전라남도 해남군    기초단체장선거 정당지지도 정치사회현안,(주)엠브레인퍼블릭,방송사 : 목포MBC,2026-02-07 10:01 ~ 2026-02-08 19:31,전체,https://www.nesdc.go.kr/portal/bbs/B0000005/view.do?nttId=17392&menuNo=200467&searchTime=&sdate=&edate=&pdate=&pollGubuncd=&searchCnd=&searchWrd=&pageIndex=27,출처: 중앙선거여론조사심의위원회,jeonnam,해남군,mayor,17392
15348,전라남도 영암군    기초단체장선거 정당지지도 정치사회현안,(주)엠브레인퍼블릭,방송사 : 목포MBC,2026-02-09 10:01 ~ 2026-02-10 20:20,전체,https://www.nesdc.go.kr/portal/bbs/B0000005/view.do?nttId=17397&menuNo=200467&searchTime=&sdate=&edate=&pdate=&pollGubuncd=&searchCnd=&searchWrd=&pageIndex=27,출처: 중앙선거여론조사심의위원회,jeonnam,영암군,mayor,17397
15347,전라남도 강진군    기초단체장선거 정당지지도 정치사회현안,(주)엠브레인퍼블릭,방송사 : 목포MBC,2026-02-08 10:02 ~ 2026-02-09 17:31,전체,https://www.nesdc.go.kr/portal/bbs/B0000005/view.do?nttId=17395&menuNo=200467&searchTime=&sdate=&edate=&pdate=&pollGubuncd=&searchCnd=&searchWrd=&pageIndex=27,출처: 중앙선거여론조사심의위원회,jeonnam,강진군,mayor,17395
15346,전라남도 신안군    기초단체장선거 정당지지도 정치사회현안,(주)엠브레인퍼블릭,방송사 : 목포MBC,2026-02-07 10:01 ~ 2026-02-08 19:19,전체,https://www.nesdc.go.kr/portal/bbs/B0000005/view.do?nttId=17393&menuNo=200467&searchTime=&sdate=&edate=&pdate=&pollGubuncd=&searchCnd=&searchWrd=&pageIndex=27,출처: 중앙선거여론조사심의위원회,jeonnam,신안군,mayor,17393
15345,전라남도 무안군    기초단체장선거 정당지지도 정치사회현안,(주)엠브레인퍼블릭,방송사 : 목포MBC,2026-02-07 10:01 ~ 2026-02-08 19:33,전체,https://www.nesdc.go.kr/portal/bbs/B0000005/view.do?nttId=17394&menuNo=200467&searchTime=&sdate=&edate=&pdate=&pollGubuncd=&searchCnd=&searchWrd=&pageIndex=27,출처: 중앙선거여론조사심의위원회,jeonnam,무안군,mayor,17394
15344,전라남도 목포시    기초단체장선거 정당지지도 정치사회현안,(주)엠브레인퍼블릭,방송사 : 목포MBC,2026-02-09 10:03 ~ 2026-02-10 20:32,전체,https://www.nesdc.go.kr/portal/bbs/B0000005/view.do?nttId=17398&menuNo=200467&searchTime=&sdate=&edate=&pdate=&pollGubuncd=&searchCnd=&searchWrd=&pageIndex=27,출처: 중앙선거여론조사심의위원회,jeonnam,목포시,mayor,17398
15343,전국 전체,(주)피앰아이,전국단위 신문 : 이데일리,2026-01-30 10:00 ~ 2026-01-31 23:59,전체,https://www.nesdc.go.kr/portal/bbs/B0000005/view.do?nttId=17419&menuNo=200467&searchTime=&sdate=&edate=&pdate=&pollGubuncd=&searchCnd=&searchWrd=&pageIndex=28,출처: 중앙선거여론조사심의위원회,,,party_support,17419
15341,경상북도 울진군    정당지지도 기초단체장선거,(주)리얼미터,기타 : (주)햇살나눔,2026-02-09 12:35 ~ 2026-02-10 17:45,전체,https://www.nesdc.go.kr/portal/bbs/B0000005/view.do?nttId=17417&menuNo=200467&searchTime=&sdate=&edate=&pdate=&pollGubuncd=&searchCnd=&searchWrd=&pageIndex=28,출처: 중앙선거여론조사심의위원회,gyeongbuk,울진군,mayor,17417
15340,전라남도 신안군    기초단체장선거 정당지지도,모노커뮤니케이션즈(모노리서치),인터넷언론 : 프레시안 광주전남취재본부,2026-02-11 13:52 ~ 2026-02-12 20:45,전체,https://www.nesdc.go.kr/portal/bbs/B0000005/view.do?nttId=17416&menuNo=200467&searchTime=&sdate=&edate=&pdate=&pollGubuncd=&searchCnd=&searchWrd=&pageIndex=28,출처: 중앙선거여론조사심의위원회,jeonnam,신안군,mayor,17416
15339,제주특별자치도 전체    광역단체장선거 교육감선거 정당지지도 기타 현안,(주)한국리서치,방송사 : 제주KBS,2026-02-11 10:12 ~ 2026-02-12 20:32,전체,https://www.nesdc.go.kr/portal/bbs/B0000005/view.do?nttId=17411&menuNo=200467&searchTime=&sdate=&edate=&pdate=&pollGubuncd=&searchCnd=&searchWrd=&pageIndex=28,출처: 중앙선거여론조사심의위원회,jeju,,governor,17411
15338,제주특별자치도 전체    광역단체장선거 교육감선거 정당지지도 기타 현안,(주)한국리서치,방송사 : 제주KBS,2026-02-11 10:12 ~ 2026-02-12 20:32,전체,https://www.nesdc.go.kr/portal/bbs/B0000005/view.do?nttId=17410&menuNo=200467&searchTime=&sdate=&edate=&pdate=&pollGubuncd=&searchCnd=&searchWrd=&pageIndex=28,출처: 중앙선거여론조사심의위원회,jeju,,governor,17410
15337,제주특별자치도 전체    광역단체장선거 교육감선거 정당지지도 기타 현안,(주)한국리서치,방송사 : 제주KBS,2026-02-11 10:12 ~ 2026-02-12 20:32,전체,https://www.nesdc.go.kr/portal/bbs/B0000005/view.do?nttId=17409&menuNo=200467&searchTime=&sdate=&edate=&pdate=&pollGubuncd=&searchCnd=&searchWrd=&pageIndex=28,출처: 중앙선거여론조사심의위원회,jeju,,governor,17409
15336,제주특별자치도 전체    광역단체장선거 교육감선거 정당지지도 기타 현안,(주)한국리서치,방송사 : 제주KBS,2026-02-11 10:12 ~ 2026-02-12 20:32,전체,https://www.nesdc.go.kr/portal/bbs/B0000005/view.do?nttId=17407&menuNo=200467&searchTime=&sdate=&edate=&pdate=&pollGubuncd=&searchCnd=&searchWrd=&pageIndex=28,출처: 중앙선거여론조사심의위원회,jeju,,governor,17407
15335,제주특별자치도 전체    광역단체장선거 교육감선거 정당지지도 기타 현안,(주)한국리서치,방송사 : 제주KBS,2026-02-11 10:12 ~ 2026-02-12 20:32,전체,https://www.nesdc.go.kr/portal/bbs/B0000005/view.do?nttId=17405&menuNo=200467&searchTime=&sdate=&edate=&pdate=&pollGubuncd=&searchCnd=&searchWrd=&pageIndex=28,출처: 중앙선거여론조사심의위원회,jeju,,governor,17405
15334,전국   정기(정례)조사 정당지지도,한국갤럽조사연구소,조사기관 자체 : 한국갤럽 자체 조사,2026-02-10 10:00 ~ 2026-02-11 18:00,전체,https://www.nesdc.go.kr/portal/bbs/B0000005/view.do?nttId=17404&menuNo=200467&searchTime=&sdate=&edate=&pdate=&pollGubuncd=&searchCnd=&searchWrd=&pageIndex=28,출처: 중앙선거여론조사심의위원회,,,party_support,17404
15333,경상북도 울진군    기초단체장선거 정당지지도,(주)에브리리서치,구·시·군단위 신문 : 울진투데이,2026-02-12 11:00,전체,https://www.nesdc.go.kr/portal/bbs/B0000005/view.do?nttId=17403&menuNo=200467&searchTime=&sdate=&edate=&pdate=&pollGubuncd=&searchCnd=&searchWrd=&pageIndex=28,출처: 중앙선거여론조사심의위원회,gyeongbuk,울진군,mayor,17403
15332,전국   광역단체장선거 제9회 전국동시지방선거 현안조사,(주)리얼미터,기타 : (주)라바웨이브,2026-02-10 10:40 ~ 2026-02-11 21:10,전체,https://www.nesdc.go.kr/portal/bbs/B0000005/view.do?nttId=17402&menuNo=200467&searchTime=&sdate=&edate=&pdate=&pollGubuncd=&searchCnd=&searchWrd=&pageIndex=29,출처: 중앙선거여론조사심의위원회,,,governor,17402
15331,전라남도 담양군    기초단체장선거,한국정책연구원,인터넷언론 : 오피니언뷰,2026-02-12 09:30,전체,https://www.nesdc.go.kr/portal/bbs/B0000005/view.do?nttId=17401&menuNo=200467&searchTime=&sdate=&edate=&pdate=&pollGubuncd=&searchCnd=&searchWrd=&pageIndex=29,출처: 중앙선거여론조사심의위원회,jeonnam,담양군,mayor,17401
15330,"충청북도 전체    광역단체장선거 기초단체장선거 교육감선거 정당지지도, 정책지지도",(주)리서치앤리서치,시·도단위 신문 : 중부매일,2026-02-07 10:10 ~ 2026-02-08 21:40,전체,https://www.nesdc.go.kr/portal/bbs/B0000005/view.do?nttId=17400&menuNo=200467&searchTime=&sdate=&edate=&pdate=&pollGubuncd=&searchCnd=&searchWrd=&pageIndex=29,출처: 중앙선거여론조사심의위원회,chungbuk,,mayor,17400
15329,전라남도 전체    광역단체장선거 교육감선거,(주)코리아정보리서치,인터넷언론 : 전남매거진,2026-02-10 10:00 ~ 2026-02-11 19:00,전체,https://www.nesdc.go.kr/portal/bbs/B0000005/view.do?nttId=17390&menuNo=200467&searchTime=&sdate=&edate=&pdate=&pollGubuncd=&searchCnd=&searchWrd=&pageIndex=29,출처: 중앙선거여론조사심의위원회,jeonnam,,governor,17390
15328,광주광역시 전체    광역단체장선거 교육감선거,(주)코리아정보리서치,인터넷언론 : 전남매거진,2026-02-10 10:00 ~ 2026-02-11 20:00,전체,https://www.nesdc.go.kr/portal/bbs/B0000005/view.do?nttId=17388&menuNo=200467&searchTime=&sdate=&edate=&pdate=&pollGubuncd=&searchCnd=&searchWrd=&pageIndex=29,출처: 중앙선거여론조사심의위원회,gwangju,,governor,17388
15327,전국   정당지지도 정기(정례)조사,리서치웰,인터넷언론 : 뉴데일리,2026-02-11 10:30,전체,https://www.nesdc.go.kr/portal/bbs/B0000005/view.do?nttId=17381&menuNo=200467&searchTime=&sdate=&edate=&pdate=&pollGubuncd=&searchCnd=&searchWrd=&pageIndex=29,출처: 중앙선거여론조사심의위원회,,,party_support,17381
15326,경기도 전체    광역단체장선거 교육감선거 정당지지도,(주)시그널앤펄스,인터넷언론 : 프레시안,2026-02-10 15:00 ~ 2026-02-11 20:00,전체,https://www.nesdc.go.kr/portal/bbs/B0000005/view.do?nttId=17379&menuNo=200467&searchTime=&sdate=&edate=&pdate=&pollGubuncd=&searchCnd=&searchWrd=&pageIndex=29,출처: 중앙선거여론조사심의위원회,gyeonggi,,governor,17379
15325,경기도 연천군    정당지지도 기초단체장선거,(주)리얼미터,구·시·군단위 신문 : 연천신문,2026-02-09 12:15 ~ 2026-02-10 20:20,전체,https://www.nesdc.go.kr/portal/bbs/B0000005/view.do?nttId=17378&menuNo=200467&searchTime=&sdate=&edate=&pdate=&pollGubuncd=&searchCnd=&searchWrd=&pageIndex=29,출처: 중앙선거여론조사심의위원회,gyeonggi,연천군,mayor,17378
15324,경기도 시흥시    정당지지도 기초단체장선거 교육감선거 광역단체장선거,(주)리얼미터,시·도단위 신문 : 인천일보,2026-02-10 10:40 ~ 2026-02-11 20:50,전체,https://www.nesdc.go.kr/portal/bbs/B0000005/view.do?nttId=17376&menuNo=200467&searchTime=&sdate=&edate=&pdate=&pollGubuncd=&searchCnd=&searchWrd=&pageIndex=29,출처: 중앙선거여론조사심의위원회,gyeonggi,시흥시,mayor,17376
15323,전북특별자치도 완주군    기초단체장선거 정당지지도,한길리서치,시·도단위 신문/시·도단위 신문 : 새전북신문/전북연합신문,2026-02-10 17:00 ~ 2026-02-11 21:30,전체,https://www.nesdc.go.kr/portal/bbs/B0000005/view.do?nttId=17372&menuNo=200467&searchTime=&sdate=&edate=&pdate=&pollGubuncd=&searchCnd=&searchWrd=&pageIndex=29,출처: 중앙선거여론조사심의위원회,jeonbuk,완주군,mayor,17372
15322,대구광역시 군위군    기초단체장선거 정당지지도,(주)비전코리아,전국단위 신문/전국단위 신문 : 포털신문/내외경제TV,2026-02-10 10:31,전체,https://www.nesdc.go.kr/portal/bbs/B0000005/view.do?nttId=17367&menuNo=200467&searchTime=&sdate=&edate=&pdate=&pollGubuncd=&searchCnd=&searchWrd=&pageIndex=30,출처: 중앙선거여론조사심의위원회,daegu,군위군,mayor,17367
15321,충청남도 서산시    기초단체장선거 정당지지도,(주)비전코리아,구·시·군단위 신문 : 서산타임즈,2026-02-10 10:54 ~ 2026-02-11 20:53,전체,https://www.nesdc.go.kr/portal/bbs/B0000005/view.do?nttId=17366&menuNo=200467&searchTime=&sdate=&edate=&pdate=&pollGubuncd=&searchCnd=&searchWrd=&pageIndex=30,출처: 중앙선거여론조사심의위원회,chungnam,서산시,mayor,17366
15320,경기도 전체    광역단체장선거 정당지지도,(주)여론조사꽃,조사기관 자체 : (주)여론조사꽃,2026-02-09 13:20 ~ 2026-02-10 21:00,전체,https://www.nesdc.go.kr/portal/bbs/B0000005/view.do?nttId=17365&menuNo=200467&searchTime=&sdate=&edate=&pdate=&pollGubuncd=&searchCnd=&searchWrd=&pageIndex=30,출처: 중앙선거여론조사심의위원회,gyeonggi,,governor,17365
15319,경상북도 포항시    기초단체장선거 정당지지도,(주)이너텍시스템즈,구·시·군단위 신문 : 일간경북신문,2026-02-06 11:10 ~ 2026-02-07 20:40,전체,https://www.nesdc.go.kr/portal/bbs/B0000005/view.do?nttId=17364&menuNo=200467&searchTime=&sdate=&edate=&pdate=&pollGubuncd=&searchCnd=&searchWrd=&pageIndex=30,출처: 중앙선거여론조사심의위원회,gyeongbuk,포항시,mayor,17364
15318,전라남도 완도군    기초단체장선거 정당지지도,(주)코리아정보리서치,인터넷언론 : 전남매거진,2026-01-30 17:00 ~ 2026-01-31 20:00,전체,https://www.nesdc.go.kr/portal/bbs/B0000005/view.do?nttId=17363&menuNo=200467&searchTime=&sdate=&edate=&pdate=&pollGubuncd=&searchCnd=&searchWrd=&pageIndex=30,출처: 중앙선거여론조사심의위원회,jeonnam,완도군,mayor,17363
15317,충청남도 전체 교육감선거정당지지도,(주)코리아정보리서치,인터넷언론 : 시사뉴스24,2026-02-09 10:00 ~ 2026-02-10 19:00,전체,https://www.nesdc.go.kr/portal/bbs/B0000005/view.do?nttId=17362&menuNo=200467&searchTime=&sdate=&edate=&pdate=&pollGubuncd=&searchCnd=&searchWrd=&pageIndex=30,출처: 중앙선거여론조사심의위원회,chungnam,,superintendent,17362
15316,전라남도 영암군    기초단체장선거,메타보이스(주),주·월간지 : 낭주신문,2026-02-06 13:00 ~ 2026-02-07 15:00,전체,https://www.nesdc.go.kr/portal/bbs/B0000005/view.do?nttId=17354&menuNo=200467&searchTime=&sdate=&edate=&pdate=&pollGubuncd=&searchCnd=&searchWrd=&pageIndex=30,출처: 중앙선거여론조사심의위원회,jeonnam,영암군,mayor,17354
15315,전국   정기(정례)조사 정당지지도,미디어토마토,시·도단위 신문 : 뉴스토마토,2026-02-09 16:27 ~ 2026-02-10 21:16,전체,https://www.nesdc.go.kr/portal/bbs/B0000005/view.do?nttId=17361&menuNo=200467&searchTime=&sdate=&edate=&pdate=&pollGubuncd=&searchCnd=&searchWrd=&pageIndex=30,출처: 중앙선거여론조사심의위원회,,,party_support,17361
15314,전라남도 광양시    기초단체장선거,(주)코리아정보리서치,인터넷언론 : 케이저널,2026-02-09 10:00 ~ 2026-02-10 19:00,전체,https://www.nesdc.go.kr/portal/bbs/B0000005/view.do?nttId=17360&menuNo=200467&searchTime=&sdate=&edate=&pdate=&pollGubuncd=&searchCnd=&searchWrd=&pageIndex=30,출처: 중앙선거여론조사심의위원회,jeonnam,광양시,mayor,17360
15313,경기도 부천시    기초단체장선거 정당지지도,(주)데일리리서치,시·도단위 신문 : 중부일보,2026-02-09 10:30 ~ 2026-02-10 21:30,전체,https://www.nesdc.go.kr/portal/bbs/B0000005/view.do?nttId=17359&menuNo=200467&searchTime=&sdate=&edate=&pdate=&pollGubuncd=&searchCnd=&searchWrd=&pageIndex=30,출처: 중앙선거여론조사심의위원회,gyeonggi,부천시,mayor,17359
