계층,시도,시군구,매체명,호스트,출처,tier
전국,,,apnews.kr,apnews.kr,auto,tier4
전국,,,asiatime.co.kr,asiatime.co.kr,auto,tier4
전국,,,asiatoday.co.kr,asiatoday.co.kr,auto,tier4
전국,,,banronbodo.com,banronbodo.com,auto,tier4
전국,,,breaknews.com,breaknews.com,auto,tier4
전국,,,businesspost.co.kr,businesspost.co.kr,auto,tier4
전국,,,bzeronews.com,bzeronews.com,auto,tier4
전국,,,cbci.co.kr,cbci.co.kr,auto,tier4
전국,,,cnbnews.com,cnbnews.com,auto,tier4
전국,,,daily.hankooki.com,daily.hankooki.com,auto,tier4
전국,,,danbinews.com,danbinews.com,auto,tier4
전국,,,discoverynews.kr,discoverynews.kr,auto,tier4
전국,,,dnews.co.kr,dnews.co.kr,auto,tier4
전국,,,dtnews24.com,dtnews24.com,auto,tier4
전국,,,econonews.co.kr,econonews.co.kr,auto,tier4
전국,,,efnews.co.kr,efnews.co.kr,auto,tier4
전국,,,ekn.kr,ekn.kr,auto,tier4
전국,,,enewstoday.co.kr,enewstoday.co.kr,auto,tier4
전국,,,eroun.net,eroun.net,auto,tier4
전국,,,etoday.co.kr,etoday.co.kr,auto,tier4
전국,,,finomy.com,finomy.com,auto,tier4
전국,,,fintechpost.co.kr,fintechpost.co.kr,auto,tier4
전국,,,fntimes.com,fntimes.com,auto,tier4
전국,,,fntoday.co.kr,fntoday.co.kr,auto,tier4
전국,,,fpn119.co.kr,fpn119.co.kr,auto,tier4
전국,,,ggilbo.com,ggilbo.com,auto,tier4
전국,,,gginews.co.kr,gginews.co.kr,auto,tier4
전국,,,gjdream.com,gjdream.com,auto,tier4
전국,,,goodmorningcc.com,goodmorningcc.com,auto,tier4
전국,,,grandculture.net,grandculture.net,auto,tier4
전국,,,gukjenews.com,gukjenews.com,auto,tier4
전국,,,idsn.co.kr,idsn.co.kr,auto,tier4
전국,,,ilyo.co.kr,ilyo.co.kr,auto,tier4
전국,,,ilyoseoul.co.kr,ilyoseoul.co.kr,auto,tier4
전국,,,ilyosisa.co.kr,ilyosisa.co.kr,auto,tier4
전국,,,iminju.net,iminju.net,auto,tier4
전국,,,incheonilbo.com,incheonilbo.com,auto,tier4
전국,,,incheonnews.com,incheonnews.com,auto,tier4
전국,,,incheontoday.com,incheontoday.com,auto,tier4
전국,,,inthenews.co.kr,inthenews.co.kr,auto,tier4
전국,,,jbsori.com,jbsori.com,auto,tier4
전국,,,jeonmae.co.kr,jeonmae.co.kr,auto,tier4
전국,,,joongangenews.com,joongangenews.com,auto,tier4
전국,,,joongdo.co.kr,joongdo.co.kr,auto,tier4
전국,,,joynews24.com,joynews24.com,auto,tier4
전국,,,kfenews.co.kr,kfenews.co.kr,auto,tier4
전국,,,kgnews.co.kr,kgnews.co.kr,auto,tier4
전국,,,knnews.co.kr,knnews.co.kr,auto,tier4
전국,,,korea.kr,korea.kr,auto,tier4
전국,,,kpenews.com,kpenews.com,auto,tier4
전국,,,kpinews.kr,kpinews.kr,auto,tier4
전국,,,ksmnews.co.kr,ksmnews.co.kr,auto,tier4
전국,,,kukinews.com,kukinews.com,auto,tier4
전국,,,kwangju.co.kr,kwangju.co.kr,auto,tier4
전국,,,kyeongin.com,kyeongin.com,auto,tier4
전국,,,lawissue.co.kr,lawissue.co.kr,auto,tier4
전국,,,m-i.kr,m-i.kr,auto,tier4
전국,,,m.skyedaily.com,m.skyedaily.com,auto,tier4
전국,,,mediapen.com,mediapen.com,auto,tier4
전국,,,metroseoul.co.kr,metroseoul.co.kr,auto,tier4
전국,,,mhns.co.kr,mhns.co.kr,auto,tier4
전국,,,mygoyang.com,mygoyang.com,auto,tier4
전국,,,naeil.com,naeil.com,auto,tier4
전국,,,newdaily.co.kr,newdaily.co.kr,auto,tier4
전국,,,news.bbsi.co.kr,news.bbsi.co.kr,auto,tier4
전국,,,news.ifm.kr,news.ifm.kr,auto,tier4
전국,,,news.lghellovision.net,news.lghellovision.net,auto,tier4
전국,,,news.mtn.co.kr,news.mtn.co.kr,auto,tier4
전국,,,news.skbroadband.com,news.skbroadband.com,auto,tier4
전국,,,news.tf.co.kr,news.tf.co.kr,auto,tier4
전국,,,news2day.co.kr,news2day.co.kr,auto,tier4
전국,,,newscj.com,newscj.com,auto,tier4
전국,,,newsdream.kr,newsdream.kr,auto,tier4
전국,,,newsfarm.co.kr,newsfarm.co.kr,auto,tier4
전국,,,newsfreezone.co.kr,newsfreezone.co.kr,auto,tier4
전국,,,newsprime.co.kr,newsprime.co.kr,auto,tier4
전국,,,newstnt.com,newstnt.com,auto,tier4
전국,,,newstown.co.kr,newstown.co.kr,auto,tier4
전국,,,newsworks.co.kr,newsworks.co.kr,auto,tier4
전국,,,onews.tv,onews.tv,auto,tier4
전국,,,pennmike.com,pennmike.com,auto,tier4
전국,,,pinpointnews.co.kr,pinpointnews.co.kr,auto,tier4
전국,,,pn.or.kr,pn.or.kr,auto,tier4
전국,,,polinews.co.kr,polinews.co.kr,auto,tier4
전국,,,popcornnews.net,popcornnews.net,auto,tier4
전국,,,ppss.kr,ppss.kr,auto,tier4
전국,,,queen.co.kr,queen.co.kr,auto,tier4
전국,,,radio.ytn.co.kr,radio.ytn.co.kr,auto,tier4
전국,,,readersnews.com,readersnews.com,auto,tier4
전국,,,sedaily.com,sedaily.com,auto,tier4
전국,,,segye.com,segye.com,auto,tier4
전국,,,seoulfn.com,seoulfn.com,auto,tier4
전국,,,shinailbo.co.kr,shinailbo.co.kr,auto,tier4
전국,,,straightnews.co.kr,straightnews.co.kr,auto,tier4
전국,,,suwonilbo.kr,suwonilbo.kr,auto,tier4
전국,,,thebigdata.co.kr,thebigdata.co.kr,auto,tier4
전국,,,thepublic.kr,thepublic.kr,auto,tier4
전국,,,topstarnews.net,topstarnews.net,auto,tier4
전국,,,travelitoday.com,travelitoday.com,auto,tier4
전국,,,veritas-a.com,veritas-a.com,auto,tier4
전국,,,viva100.com,viva100.com,auto,tier4
전국,,,weeklytoday.com,weeklytoday.com,auto,tier4
전국,,,wolyo.co.kr,wolyo.co.kr,auto,tier4
전국,,,worktoday.co.kr,worktoday.co.kr,auto,tier4
전국,,,youngnong.co.kr,youngnong.co.kr,auto,tier4
전국,,,ytn.co.kr,ytn.co.kr,auto,tier4
광역,강원특별자치도,,강원일보,,bk,regional
광역,강원특별자치도,,강원도민일보,,bk,regional
광역,강원특별자치도,,설악신문,,bk,regional
광역,강원특별자치도,,춘천MBC,,p,regional
광역,강원특별자치도,,G1방송,,p,regional
광역,강원특별자치도,,KBS춘천,,p,regional
광역,강원특별자치도,,인터넷신문,,mcst,regional
광역,강원특별자치도,,kwnews.co.kr,kwnews.co.kr,host,regional
광역,강원특별자치도,,kado.net,kado.net,host,regional
광역,강원특별자치도,,chmbc.co.kr,chmbc.co.kr,host,regional
광역,강원특별자치도,,g1tv.co.kr,g1tv.co.kr,host,regional
광역,강원특별자치도,,slist.kr,slist.kr,host,regional
광역,경기도,,경인일보,,bk,regional
광역,경기도,,경기일보,,bk,regional
광역,경기도,,경기신문,,bk,regional
광역,경기도,,중부일보,,bk,regional
광역,경기도,,평택시민신문,,bk,regional
광역,경기도,,OBS,,bk,regional
광역,경기도,,수원일보,,p,regional
광역,경기도,,인터넷신문,,mcst,regional
광역,경기도,,kyeonggi.com,kyeonggi.com,host,regional
광역,경기도,,kyeongin.com,kyeongin.com,host,regional
광역,경기도,,suwonilbo.co.kr,suwonilbo.co.kr,host,regional
광역,경기도,,slist.kr,slist.kr,host,regional
광역,경기도,,siminilbo.co.kr,siminilbo.co.kr,host,regional
광역,경기도,,kihoilbo.co.kr,kihoilbo.co.kr,host,regional
광역,경기도,,ccdailynews.com,ccdailynews.com,host,regional
광역,경기도,,joongboo.com,joongboo.com,host,regional
광역,경기도,,nspna.com,nspna.com,host,regional
광역,경기도,,youthdaily.co.kr,youthdaily.co.kr,host,regional
광역,경기도,,hidomin.com,hidomin.com,host,regional
광역,경상남도,,경남신문,,bk,regional
광역,경상남도,,경남도민일보,,bk,regional
광역,경상남도,,경남일보,,bk,regional
광역,경상남도,,MBC경남,,p,regional
광역,경상남도,,KNN,,p,regional
광역,경상남도,,KBS창원,,p,regional
광역,경상남도,,인터넷신문,,mcst,regional
광역,경상남도,,knnews.co.kr,knnews.co.kr,host,regional
광역,경상남도,,gndomin.com,gndomin.com,host,regional
광역,경상남도,,chmbc.co.kr,chmbc.co.kr,host,regional
광역,경상남도,,knnb.co.kr,knnb.co.kr,host,regional
광역,경상남도,,idomin.com,idomin.com,host,regional
광역,경상남도,,kwnews.co.kr,kwnews.co.kr,host,regional
광역,경상남도,,kado.net,kado.net,host,regional
광역,경상남도,,busan.com,busan.com,host,regional
광역,경상남도,,gnnews.co.kr,gnnews.co.kr,host,regional
광역,경상남도,,kookje.co.kr,kookje.co.kr,host,regional
광역,경상남도,,news.knn.co.kr,news.knn.co.kr,host,regional
광역,경상남도,,siminilbo.co.kr,siminilbo.co.kr,host,regional
광역,경상북도,,매일신문,,bk,regional
광역,경상북도,,경북일보,,bk,regional
광역,경상북도,,경북매일신문,,bk,regional
광역,경상북도,,경북도민일보,,bk,regional
광역,경상북도,,영주시민신문,,bk,regional
광역,경상북도,,대구MBC,,p,regional
광역,경상북도,,안동MBC,,p,regional
광역,경상북도,,포항MBC,,p,regional
광역,경상북도,,TBC,,p,regional
광역,경상북도,,인터넷신문,,mcst,regional
광역,경상북도,,imaeil.com,imaeil.com,host,regional
광역,경상북도,,gbnews.com,gbnews.com,host,regional
광역,경상북도,,dgmbc.co.kr,dgmbc.co.kr,host,regional
광역,경상북도,,idaegu.co.kr,idaegu.co.kr,host,regional
광역,경상북도,,kyongbuk.co.kr,kyongbuk.co.kr,host,regional
광역,경상북도,,ksmnews.co.kr,ksmnews.co.kr,host,regional
광역,경상북도,,kbmaeil.com,kbmaeil.com,host,regional
광역,경상북도,,nspna.com,nspna.com,host,regional
광역,경상북도,,yeongnam.com,yeongnam.com,host,regional
광역,경상북도,,idaegu.com,idaegu.com,host,regional
광역,경상북도,,hidomin.com,hidomin.com,host,regional
광역,광주광역시,,광주일보,,bk,regional
광역,광주광역시,,광남일보,,bk,regional
광역,광주광역시,,광주매일신문,,bk,regional
광역,광주광역시,,무등일보,,bk,regional
광역,광주광역시,,광주MBC,,p,regional
광역,광주광역시,,KBC,,p,regional
광역,광주광역시,,KBS광주,,p,regional
광역,광주광역시,,인터넷신문,,mcst,regional
광역,광주광역시,,kwangju.co.kr,kwangju.co.kr,host,regional
광역,광주광역시,,kjdaily.com,kjdaily.com,host,regional
광역,광주광역시,,mdilbo.com,mdilbo.com,host,regional
광역,광주광역시,,ikbc.co.kr,ikbc.co.kr,host,regional
광역,광주광역시,,kjmbc.co.kr,kjmbc.co.kr,host,regional
광역,광주광역시,,gwangnam.co.kr,gwangnam.co.kr,host,regional
광역,광주광역시,,jnilbo.com,jnilbo.com,host,regional
광역,대구광역시,,매일신문,,bk,regional
광역,대구광역시,,대구신문,,bk,regional
광역,대구광역시,,대구일보,,bk,regional
광역,대구광역시,,경북일보,,bk,regional
광역,대구광역시,,영남일보,,bk,regional
광역,대구광역시,,대구MBC,,p,regional
광역,대구광역시,,TBC,,p,regional
광역,대구광역시,,인터넷신문,,mcst,regional
광역,대구광역시,,imaeil.com,imaeil.com,host,regional
광역,대구광역시,,idaegu.co.kr,idaegu.co.kr,host,regional
광역,대구광역시,,dgmbc.co.kr,dgmbc.co.kr,host,regional
광역,대구광역시,,tbc.co.kr,tbc.co.kr,host,regional
광역,대구광역시,,ksmnews.co.kr,ksmnews.co.kr,host,regional
광역,대구광역시,,kbmaeil.com,kbmaeil.com,host,regional
광역,대구광역시,,yeongnam.com,yeongnam.com,host,regional
광역,대구광역시,,idaegu.com,idaegu.com,host,regional
광역,대구광역시,,hidomin.com,hidomin.com,host,regional
광역,대전광역시,,대전일보,,bk,regional
광역,대전광역시,,충청투데이,,bk,regional
광역,대전광역시,,중도일보,,bk,regional
광역,대전광역시,,금강일보,,bk,regional
광역,대전광역시,,대전MBC,,p,regional
광역,대전광역시,,TJB,,p,regional
광역,대전광역시,,인터넷신문,,mcst,regional
광역,대전광역시,,daejonilbo.com,daejonilbo.com,host,regional
광역,대전광역시,,cctoday.co.kr,cctoday.co.kr,host,regional
광역,대전광역시,,tjmbc.co.kr,tjmbc.co.kr,host,regional
광역,대전광역시,,chungnamilbo.co.kr,chungnamilbo.co.kr,host,regional
광역,대전광역시,,ccdn.co.kr,ccdn.co.kr,host,regional
광역,부산광역시,,부산일보,,bk,regional
광역,부산광역시,,국제신문,,bk,regional
광역,부산광역시,,부산MBC,,p,regional
광역,부산광역시,,KNN,,p,regional
광역,부산광역시,,KBS부산,,p,regional
광역,부산광역시,,인터넷신문,,mcst,regional
광역,부산광역시,,busan.com,busan.com,host,regional
광역,부산광역시,,kookje.co.kr,kookje.co.kr,host,regional
광역,부산광역시,,knn.co.kr,knn.co.kr,host,regional
광역,부산광역시,,busanmbc.co.kr,busanmbc.co.kr,host,regional
광역,부산광역시,,knnews.co.kr,knnews.co.kr,host,regional
광역,부산광역시,,pennmike.com,pennmike.com,host,regional
광역,부산광역시,,etoday.co.kr,etoday.co.kr,host,regional
광역,부산광역시,,youthdaily.co.kr,youthdaily.co.kr,host,regional
광역,부산광역시,,news.knn.co.kr,news.knn.co.kr,host,regional
광역,서울특별시,,서울신문,,bk,regional
광역,서울특별시,,서울경제,,bk,regional
광역,서울특별시,,SBS,,bk,regional
광역,서울특별시,,TBS,,p,regional
광역,서울특별시,,인터넷신문,,mcst,regional
광역,서울특별시,,seoulilbo.com,seoulilbo.com,host,regional
광역,서울특별시,,senews.co.kr,senews.co.kr,host,regional
광역,서울특별시,,namdonews.com,namdonews.com,host,regional
광역,서울특별시,,youthdaily.co.kr,youthdaily.co.kr,host,regional
광역,서울특별시,,etoday.co.kr,etoday.co.kr,host,regional
광역,서울특별시,,slist.kr,slist.kr,host,regional
광역,서울특별시,,joongboo.com,joongboo.com,host,regional
광역,서울특별시,,idjnews.kr,idjnews.kr,host,regional
광역,세종특별자치시,,세종포스트,,p,regional
광역,세종특별자치시,,세종의소리,,p,regional
광역,세종특별자치시,,대전일보,,bk,regional
광역,세종특별자치시,,중도일보,,bk,regional
광역,세종특별자치시,,인터넷신문,,mcst,regional
광역,세종특별자치시,,sjpost.co.kr,sjpost.co.kr,host,regional
광역,울산광역시,,울산매일,,bk,regional
광역,울산광역시,,경상일보,,bk,regional
광역,울산광역시,,울산신문,,bk,regional
광역,울산광역시,,울산MBC,,p,regional
광역,울산광역시,,ubc울산방송,,p,regional
광역,울산광역시,,인터넷신문,,mcst,regional
광역,울산광역시,,iusm.co.kr,iusm.co.kr,host,regional
광역,울산광역시,,ujeil.com,ujeil.com,host,regional
광역,울산광역시,,usanmbc.co.kr,usanmbc.co.kr,host,regional
광역,울산광역시,,kyongbuk.co.kr,kyongbuk.co.kr,host,regional
광역,인천광역시,,경인일보,,bk,regional
광역,인천광역시,,인천일보,,bk,regional
광역,인천광역시,,기호일보,,bk,regional
광역,인천광역시,,OBS,,bk,regional
광역,인천광역시,,인천투데이,,p,regional
광역,인천광역시,,인터넷신문,,mcst,regional
광역,인천광역시,,incheonilbo.com,incheonilbo.com,host,regional
광역,인천광역시,,kihoilbo.co.kr,kihoilbo.co.kr,host,regional
광역,인천광역시,,incheontimes.com,incheontimes.com,host,regional
광역,인천광역시,,kyeongin.com,kyeongin.com,host,regional
광역,인천광역시,,idomin.com,idomin.com,host,regional
광역,인천광역시,,jeollailbo.com,jeollailbo.com,host,regional
광역,인천광역시,,joongboo.com,joongboo.com,host,regional
광역,전라남도,,전남일보,,bk,regional
광역,전라남도,,남도일보,,bk,regional
광역,전라남도,,무등일보,,bk,regional
광역,전라남도,,광남일보,,bk,regional
광역,전라남도,,전남매일,,p,regional
광역,전라남도,,광주MBC,,p,regional
광역,전라남도,,목포MBC,,p,regional
광역,전라남도,,여수MBC,,p,regional
광역,전라남도,,KBC,,p,regional
광역,전라남도,,인터넷신문,,mcst,regional
광역,전라남도,,jnilbo.com,jnilbo.com,host,regional
광역,전라남도,,honam.co.kr,honam.co.kr,host,regional
광역,전라남도,,namdonews.com,namdonews.com,host,regional
광역,전라남도,,mdilbo.com,mdilbo.com,host,regional
광역,전라남도,,ikbc.co.kr,ikbc.co.kr,host,regional
광역,전라남도,,kjmbc.co.kr,kjmbc.co.kr,host,regional
광역,전라남도,,imaeil.com,imaeil.com,host,regional
광역,전라남도,,siminilbo.co.kr,siminilbo.co.kr,host,regional
광역,전라남도,,nspna.com,nspna.com,host,regional
광역,전북특별자치도,,전북일보,,bk,regional
광역,전북특별자치도,,전북도민일보,,bk,regional
광역,전북특별자치도,,새전북신문,,bk,regional
광역,전북특별자치도,,전라일보,,bk,regional
광역,전북특별자치도,,전주MBC,,p,regional
광역,전북특별자치도,,JTV,,p,regional
광역,전북특별자치도,,KBS전주,,p,regional
광역,전북특별자치도,,인터넷신문,,mcst,regional
광역,전북특별자치도,,jjan.kr,jjan.kr,host,regional
광역,전북특별자치도,,jbdomin.co.kr,jbdomin.co.kr,host,regional
광역,전북특별자치도,,sjbnews.com,sjbnews.com,host,regional
광역,전북특별자치도,,jmbc.co.kr,jmbc.co.kr,host,regional
광역,전북특별자치도,,domin.co.kr,domin.co.kr,host,regional
광역,전북특별자치도,,jjn.co.kr,jjn.co.kr,host,regional
광역,전북특별자치도,,jeollailbo.com,jeollailbo.com,host,regional
광역,전북특별자치도,,jbnews.com,jbnews.com,host,regional
광역,전북특별자치도,,idaegu.com,idaegu.com,host,regional
광역,제주특별자치도,,제주일보,,bk,regional
광역,제주특별자치도,,한라일보,,bk,regional
광역,제주특별자치도,,제민일보,,bk,regional
광역,제주특별자치도,,제주의소리,,p,regional
광역,제주특별자치도,,제주MBC,,p,regional
광역,제주특별자치도,,JIBS,,p,regional
광역,제주특별자치도,,KBS제주,,p,regional
광역,제주특별자치도,,인터넷신문,,mcst,regional
광역,제주특별자치도,,jejuilbo.net,jejuilbo.net,host,regional
광역,제주특별자치도,,ihalla.com,ihalla.com,host,regional
광역,제주특별자치도,,jemin.com,jemin.com,host,regional
광역,충청남도,,충청투데이,,bk,regional
광역,충청남도,,대전일보,,bk,regional
광역,충청남도,,금강일보,,bk,regional
광역,충청남도,,당진시대,,bk,regional
광역,충청남도,,홍성신문,,bk,regional
광역,충청남도,,충남일보,,p,regional
광역,충청남도,,내포투데이,,p,regional
광역,충청남도,,TJB,,p,regional
광역,충청남도,,인터넷신문,,mcst,regional
광역,충청남도,,cctoday.co.kr,cctoday.co.kr,host,regional
광역,충청남도,,cnnews.co.kr,cnnews.co.kr,host,regional
광역,충청남도,,daejonilbo.com,daejonilbo.com,host,regional
광역,충청남도,,naepo2day.co.kr,naepo2day.co.kr,host,regional
광역,충청남도,,jbnews.com,jbnews.com,host,regional
광역,충청남도,,cctimes.kr,cctimes.kr,host,regional
광역,충청남도,,ccdailynews.com,ccdailynews.com,host,regional
광역,충청남도,,ccdn.co.kr,ccdn.co.kr,host,regional
광역,충청남도,,chungnamilbo.co.kr,chungnamilbo.co.kr,host,regional
광역,충청남도,,idjnews.kr,idjnews.kr,host,regional
광역,충청북도,,충북일보,,bk,regional
광역,충청북도,,충청일보,,bk,regional
광역,충청북도,,동양일보,,bk,regional
광역,충청북도,,중부매일,,bk,regional
광역,충청북도,,충청타임즈,,bk,regional
광역,충청북도,,MBC충북,,p,regional
광역,충청북도,,CJB청주방송,,p,regional
광역,충청북도,,인터넷신문,,mcst,regional
광역,충청북도,,cbilbo.com,cbilbo.com,host,regional
광역,충청북도,,ccdailynews.com,ccdailynews.com,host,regional
광역,충청북도,,cctoday.co.kr,cctoday.co.kr,host,regional
광역,충청북도,,jbnews.com,jbnews.com,host,regional
광역,충청북도,,pennmike.com,pennmike.com,host,regional
광역,충청북도,,cctimes.kr,cctimes.kr,host,regional
광역,충청북도,,kihoilbo.co.kr,kihoilbo.co.kr,host,regional
광역,충청북도,,ccdn.co.kr,ccdn.co.kr,host,regional
광역,충청북도,,chungnamilbo.co.kr,chungnamilbo.co.kr,host,regional
시군구,경기도,가평군,가평신문,gpnewsweek.com,verified,local
시군구,경기도,가평군,가평신문,gapyeong.grandculture.net,verified,local
시군구,경기도,가평군,가평타임즈,gp21.com,verified,local
시군구,경기도,가평군,가평타임즈,grandculture.net,verified,local
시군구,경기도,가평군,가평투데이,itn21.com,verified,local
시군구,서울특별시,강남구,강남신문,gangnamnews.net,verified,local
시군구,서울특별시,강남구,강남신문,gangnam.grandculture.net,verified,local
시군구,서울특별시,강남구,강남일보,egangnam.kr,verified,local
시군구,서울특별시,강남구,GangnamToday,gangnamtoday.com,verified,local
시군구,서울특별시,강남구,강남 소비자저널,gangnamcj.kr,verified,local
시군구,서울특별시,강남구,강남구 소비자저널,presscoop.com,verified,local
시군구,서울특별시,강남구,강남포스트,ignnews.kr,verified,local
시군구,서울특별시,강동구,강동신문,gangdongnews.co.kr,verified,local
시군구,서울특별시,강동구,강동공보뉴스,gangdong.kpnnews.org,verified,local
시군구,강원특별자치도,강릉시,강릉뉴스,,p,local
시군구,강원특별자치도,강릉시,MBC강원영동,,p,local
시군구,강원특별자치도,강릉시,인터넷신문,,mcst,local
시군구,서울특별시,강북구,서울강북신문,igangbuk.com,verified,local
시군구,서울특별시,강북구,강북 뉴스,thekoreantoday.com,verified,local
시군구,부산광역시,강서구,강서양천신문,gynews.net,verified,local
시군구,부산광역시,강서구,강서경제신문,gangkyung.com,verified,local
시군구,부산광역시,강서구,강서뉴스,gsinews.tv,verified,local
시군구,부산광역시,강서구,강서까치뉴스,gangseo.seoul.kr,verified,local
시군구,부산광역시,강서구,강서까치뉴스 &gt; 의회소식,gsc.gangseo.seoul.kr,verified,local
시군구,부산광역시,강서구,강서뉴미디어지원센터,gsmedia.gangseo.seoul.kr,verified,local
시군구,전라남도,강진군,강진신문,gjon.com,verified,local
시군구,전라남도,강진군,강진일보,nsori.com,verified,local
시군구,전라남도,강진군,강진투데이,gangjintoday.co.kr,verified,local
시군구,인천광역시,강화군,강화투데이,ghtoday.co.kr,verified,local
시군구,인천광역시,강화군,강화신문,ghnp.kr,verified,local
시군구,인천광역시,강화군,강화일보,ganghwailbo.com,verified,local
시군구,경상남도,거제시,거제신문,geojenews.co.kr,verified,local
시군구,경상남도,거제시,거제통영오늘신문,geojeoneul.com,verified,local
시군구,경상남도,거제시,거제뉴스,geojenews.kr,verified,local
시군구,경상남도,거제시,거제뉴스아이,newseyegeoje.com,verified,local
시군구,경상남도,거제시,거제인터넷뉴스,gjin.co.kr,verified,local
시군구,경상남도,거제시,거제인터넷신문,gjn.kr,verified,local
시군구,경상남도,거제시,새거제신문,saegeoje.com,verified,local
시군구,경상남도,거제시,거제타임즈,geojetimes.co.kr,verified,local
시군구,경상남도,거제시,geojejournal.co.kr,geojejournal.co.kr,verified,local
시군구,경상남도,거제시,거제저널,k-knowledge.kr,verified,local
시군구,경상남도,거창군,거창인터넷신문,gcinews.asia,verified,local
시군구,경상남도,거창군,거창군민신문,gchannews.com,verified,local
시군구,경상남도,거창군,경남 일보,geochang.grandculture.net,verified,local
시군구,경상남도,거창군,거창저널,geochangjournal.kr,verified,local
시군구,경상북도,경산시,경산신문,,p,local
시군구,경상북도,경산시,인터넷신문,,mcst,local
시군구,경상북도,경주시,경주신문,,p,local
시군구,경상북도,경주시,인터넷신문,,mcst,local
시군구,충청남도,계룡시,계룡일보,gyeryongilbo.com,verified,local
시군구,충청남도,계룡시,계룡신문,grnews.kr,verified,local
시군구,충청남도,계룡시,계룡뉴스저널,gyeryongjournal.co.kr,verified,local
시군구,충청남도,계룡시,계룡투데이,gytoday.kr,verified,local
시군구,인천광역시,계양구,계양V-뉴스(웹진),gy1365.kr,verified,local
시군구,인천광역시,계양구,계양공보뉴스,gyeyang.kpnnews.org,verified,local
시군구,경상북도,고령군,매일신문,,metro_fallback,local
시군구,경상북도,고령군,경북일보,,metro_fallback,local
시군구,경상북도,고령군,경북매일신문,,metro_fallback,local
시군구,경상남도,고성군,고성신문,gosnews.kr,verified,local
시군구,경상남도,고성군,고성매일신문,gsmnews.co.kr,verified,local
시군구,경상남도,고성군,고성타임즈,kstimes.kr,verified,local
시군구,경기도,고양시,고양신문,mygoyang.com,verified,local
시군구,경기도,고양시,고양시에 관한 모든 것,goyangnews.co.kr,verified,local
시군구,경기도,고양시,고양일보,goyang1.com,verified,local
시군구,경기도,고양시,고양파주투데이,goyangpajutoday.co.kr,verified,local
시군구,전북특별자치도,고창군,고창신문,gcnb.tv,verified,local
시군구,전북특별자치도,고창군,hdgochang.co.kr,hdgochang.co.kr,verified,local
시군구,전북특별자치도,고창군,고창신문,gochang.grandculture.net,verified,local
시군구,전북특별자치도,고창군,고창뉴스,gcnews.kr,verified,local
시군구,전라남도,고흥군,고흥신문,newgh.kr,verified,local
시군구,전라남도,고흥군,고흥뉴스,goheungnews.kr,verified,local
시군구,전라남도,곡성군,곡성일보,gsilbo.co.kr,verified,local
시군구,전라남도,곡성군,곡성투데이,injournal.net,verified,local
시군구,충청남도,공주시,공주신문,e-gongju.com,verified,local
시군구,충청남도,공주시,공주일보,gongjuilbo.kr,verified,local
시군구,충청남도,공주시,공주포스트,k-knowledge.kr,verified,local
시군구,경기도,과천시,과천시대신문,gwachonnews.co.kr,verified,local
시군구,경기도,과천시,과천공보뉴스,gwacheon.kpnnews.org,verified,local
시군구,경기도,과천시,과천저널,114.co.kr,verified,local
시군구,서울특별시,관악구,관악신문,gtimes.co.kr,verified,local
시군구,서울특별시,관악구,관악뉴스,ganews.co.kr,verified,local
시군구,경기도,광명시,광명시민신문,kmtimes.net,verified,local
시군구,경기도,광명시,『광명신문』,gwangmyeong.grandculture.net,verified,local
시군구,경기도,광명시,광명일보,gmilbo.co.kr,verified,local
시군구,경기도,광명시,광명 웰페어 타임즈,chamhanahc.com,verified,local
시군구,경기도,광명시,광명매일신문,gmnewspaper.kr,verified,local
시군구,경기도,광명시,광명포스트,thegmpost.com,verified,local
시군구,광주광역시,광산구,광주일보,,metro_fallback,local
시군구,광주광역시,광산구,광남일보,,metro_fallback,local
시군구,광주광역시,광산구,광주매일신문,,metro_fallback,local
시군구,전라남도,광양시,광양뉴스,gynet.co.kr,verified,local
시군구,전라남도,광양시,광양만신문,gymnews.net,verified,local
시군구,전라남도,광양시,광양시민신문,gycitizen.com,verified,local
시군구,전라남도,광양시,광양타임즈,gykoreaja.com,verified,local
시군구,전라남도,광양시,광양만투데이,gymtoday.net,verified,local
시군구,경기도,광주시,광주일보,kwangju.co.kr,verified,local
시군구,경기도,광주시,광주신문,gjilbo.com,verified,local
시군구,경기도,광주시,광주전남언론사,gwangju.grandculture.net,verified,local
시군구,경기도,광주시,광주뉴스,gjnews.net,verified,local
시군구,경기도,광주시,광주타임즈,gjtnews.com,verified,local
시군구,경기도,광주시,광주투데이,gjitv.co.kr,verified,local
시군구,경기도,광주시,광주매일신문,kjdaily.com,verified,local
시군구,경기도,광주시,todaygwangju.com,todaygwangju.com,verified,local
시군구,서울특별시,광진구,새로운 지역신문 우리동네뉴스 창간.,gwangjin.com,verified,local
시군구,서울특별시,광진구,광진타임즈,k-knowledge.kr,verified,local
시군구,서울특별시,광진구,광진구 소비자저널,presscoop.com,verified,local
시군구,서울특별시,광진구,광진프레스,moneypin.biz,verified,local
시군구,충청북도,괴산군,충북일보,,metro_fallback,local
시군구,충청북도,괴산군,충청일보,,metro_fallback,local
시군구,충청북도,괴산군,동양일보,,metro_fallback,local
시군구,전라남도,구례군,구례신문,guryenews.com,verified,local
시군구,전라남도,구례군,구례일보,guryeilbo.com,verified,local
시군구,전라남도,구례군,전남구례신문,newsgurye.com,verified,local
시군구,서울특별시,구로구,『한국아파트신문』인터넷 메인화면,guro.grandculture.net,verified,local
시군구,경기도,구리시,구리신문,mediamap.co.kr,verified,local
시군구,경기도,구리시,구리남양주뉴스,gnnews.org,verified,local
시군구,경기도,구리시,구리 하이미디어컴퓨터학원,guri.himedia.co.kr,verified,local
시군구,경기도,구리시,남양주 구리 뉴스,guri.grandculture.net,verified,local
시군구,경상북도,구미시,구미신문,,p,local
시군구,경상북도,구미시,인터넷신문,,mcst,local
시군구,전북특별자치도,군산시,군산신문,gunsanews.com,verified,local
시군구,전북특별자치도,군산시,"군산의 일등신문, 군산뉴스",newsgunsan.com,verified,local
시군구,전북특별자치도,군산시,군산뉴스,gunsan.grandculture.net,verified,local
시군구,전북특별자치도,군산시,군산일보,namwon.grandculture.net,verified,local
시군구,전북특별자치도,군산시,군산타임즈,gunsantimes.co.kr,verified,local
시군구,전북특별자치도,군산시,투데이 군산,todaygunsan.co.kr,verified,local
시군구,전북특별자치도,군산시,newgunsan.kr,newgunsan.kr,verified,local
시군구,대구광역시,군위군,매일신문,,metro_fallback,local
시군구,대구광역시,군위군,경북일보,,metro_fallback,local
시군구,대구광역시,군위군,경북매일신문,,metro_fallback,local
시군구,경기도,군포시,군포신문,gunponews.net,verified,local
시군구,경기도,군포시,mediagunpo.co.kr,mediagunpo.co.kr,verified,local
시군구,충청남도,금산군,금산신문,igsnews.co.kr,verified,local
시군구,충청남도,금산군,『금산신문』,geumsan.grandculture.net,verified,local
시군구,충청남도,금산군,금산공보뉴스,geumsan.kpnnews.org,verified,local
시군구,충청남도,금산군,금산뉴스,ngknews.co.kr,verified,local
시군구,충청남도,금산군,금산투데이,geumsantoday.com,verified,local
시군구,충청남도,금산군,geumsan-news.com,geumsan-news.com,verified,local
시군구,부산광역시,금정구,금정신문,ibknews.com,verified,local
시군구,부산광역시,금정구,금정공보뉴스,geumjeong.kpnnews.org,verified,local
시군구,서울특별시,금천구,금천신문,gc-tv.kr,verified,local
시군구,서울특별시,금천구,금천뉴스,gcnews.tv,verified,local
시군구,서울특별시,금천구,금천타임즈,114.co.kr,verified,local
시군구,서울특별시,금천구,금천구민신문,bizno.net,verified,local
시군구,부산광역시,기장군,기장공보뉴스,gijang.kpnnews.org,verified,local
시군구,전북특별자치도,김제시,김제신문,kimje.newsk.com,verified,local
시군구,전북특별자치도,김제시,김제신문사,gimje.grandculture.net,verified,local
시군구,경상북도,김천시,김천신문,,p,local
시군구,경상북도,김천시,인터넷신문,,mcst,local
시군구,경기도,김포시,gimposenior.org,gimposenior.org,verified,local
시군구,경기도,김포시,김포신문,igimpo.com,verified,local
시군구,경기도,김포시,김포뉴스25,gimponews25.com,verified,local
시군구,경기도,김포시,김포시민신문,gpsimin.com,verified,local
시군구,경기도,김포시,김포데일리,gimpodaily.com,verified,local
시군구,경기도,김포시,thegimpo.com,thegimpo.com,verified,local
시군구,경기도,김포시,김포투데이,gimpotoday.com,verified,local
시군구,경기도,김포시,gimpoeco.com,gimpoeco.com,verified,local
시군구,경기도,김포시,김포저널,gimpojn.kr,verified,local
시군구,경기도,김포시,김포매일뉴스,gimpomaeil.com,verified,local
시군구,경기도,김포시,focusgimpo.kr,focusgimpo.kr,verified,local
시군구,경상남도,김해시,김해일보,gimhaeilbo.com,verified,local
시군구,경상남도,김해시,김해인터넷신문/장유신문,gimhaeinews.com,verified,local
시군구,경상남도,김해시,김해뉴스,gimhaenews.co.kr,verified,local
시군구,경상남도,김해시,『김해뉴스』,gimhae.grandculture.net,verified,local
시군구,전라남도,나주시,나주신문,najunews.kr,verified,local
시군구,전라남도,나주시,세계중심나주뉴스,mainnaju.com,verified,local
시군구,전라남도,나주시,나주뉴스 Archives,naju-senior.com,verified,local
시군구,전라남도,나주시,나주일보,xn--910bk8uc9h4pb.com,verified,local
시군구,전라남도,나주시,나주투데이,najutoday.co.kr,verified,local
시군구,울산광역시,남구,울산매일,,metro_fallback,local
시군구,울산광역시,남구,경상일보,,metro_fallback,local
시군구,울산광역시,남구,울산신문,,metro_fallback,local
시군구,인천광역시,남동구,남동뉴스,namdongnews.co.kr,verified,local
시군구,경기도,남양주시,남양주신문,nyji.co.kr,verified,local
시군구,경기도,남양주시,남양주뉴스,nyjnews.net,verified,local
시군구,경기도,남양주시,남양주타임즈,wa-bu.net,verified,local
시군구,경기도,남양주시,남양주뉴스,namyangju.grandculture.net,verified,local
시군구,경기도,남양주시,남양주투데이,nyjtoday.com,verified,local
시군구,경기도,남양주시,남양주저널,nyjjn.com,verified,local
시군구,전북특별자치도,남원시,남원신문,namwonsinmun.co.kr,verified,local
시군구,전북특별자치도,남원시,남원신문,namwon.grandculture.net,verified,local
시군구,전북특별자치도,남원시,np남원뉴스,namwonnews.com,verified,local
시군구,전북특별자치도,남원시,남원넷,namwon.net,verified,local
시군구,전북특별자치도,남원시,namwontour.kr,namwontour.kr,verified,local
시군구,경상남도,남해군,남해신문,namhae.tv,verified,local
시군구,경상남도,남해군,남해안신문,nhanews.com,verified,local
시군구,경상남도,남해군,남해미래신문,nhmirae.com,verified,local
시군구,경상남도,남해군,남해뉴스,nhin.news,verified,local
시군구,서울특별시,노원구,노원에서 사회적경제로 살아가기,happynowon.kr,verified,local
시군구,서울특별시,노원구,노원신문,nowon.newsk.com,verified,local
시군구,서울특별시,노원구,nowon.kr,nowon.kr,verified,local
시군구,서울특별시,노원구,(노원뉴스) 나우온,nowonnews.net,verified,local
시군구,서울특별시,노원구,노원구 소비자저널,presscoop.com,verified,local
시군구,서울특별시,노원구,nowonarts.kr,nowonarts.kr,verified,local
시군구,충청남도,논산시,e논산신문,enonsan.com,verified,local
시군구,충청남도,논산시,논산신문,nsnews.kr,verified,local
시군구,충청남도,논산시,김학용,nonsan.grandculture.net,verified,local
시군구,충청남도,논산시,논산인터넷뉴스,nsinews.co.kr,verified,local
시군구,충청남도,논산시,논산뉴스,ngknews.co.kr,verified,local
시군구,충청남도,논산시,논산공보뉴스,nonsan.kpnnews.org,verified,local
시군구,충청남도,논산시,논산일보,nonsanilbo.kr,verified,local
시군구,충청북도,단양군,단양뉴스,,p,local
시군구,충청북도,단양군,인터넷신문,,mcst,local
시군구,대구광역시,달서구,매일신문,,metro_fallback,local
시군구,대구광역시,달서구,대구신문,,metro_fallback,local
시군구,대구광역시,달서구,대구일보,,metro_fallback,local
시군구,대구광역시,달성군,달성신문,,p,local
시군구,대구광역시,달성군,인터넷신문,,mcst,local
시군구,전라남도,담양군,담양신문,xn--jk1bu0n8rgz0c.kr,verified,local
시군구,전라남도,담양군,담양자치신문,dyjachinews.co.kr,verified,local
시군구,전라남도,담양군,담양군민신문,newsdy.co.kr,verified,local
시군구,전라남도,담양군,담양뉴스,dnnews.co.kr,verified,local
시군구,전라남도,담양군,담양인신문,wdynews.co.kr,verified,local
시군구,전라남도,담양군,담양매일신문,dymaeil.kr,verified,local
시군구,충청남도,당진시,당진신문,idjnews.kr,verified,local
시군구,충청남도,당진시,당진 신문,grandculture.net,verified,local
시군구,충청남도,당진시,당진 신문,dangjin.grandculture.net,verified,local
시군구,충청남도,당진시,당진일보,dangjinilbo.kr,verified,local
시군구,충청남도,당진시,당진투데이,djtoday.co.kr,verified,local
시군구,충청남도,당진시,당진매일,djmail.co.kr,verified,local
시군구,대전광역시,대덕구,대전일보,,metro_fallback,local
시군구,대전광역시,대덕구,충청투데이,,metro_fallback,local
시군구,대전광역시,대덕구,중도일보,,metro_fallback,local
시군구,서울특별시,도봉구,한겨레 신문,dobong.grandculture.net,verified,local
시군구,울산광역시,동구,동구일보,dgilbo.com,verified,local
시군구,서울특별시,동대문구,동대문신문,ddmnews.com,verified,local
시군구,서울특별시,동대문구,동대문구민신문,114.co.kr,verified,local
시군구,서울특별시,동대문구,동대문구민신문,k-knowledge.kr,verified,local
시군구,서울특별시,동대문구,동대문 도매상가 벨포스트,belpost.co.kr,verified,local
시군구,경기도,동두천시,동두천연천신문,ycgmnews.com,verified,local
시군구,경기도,동두천시,동두천신문,yangju.grandculture.net,verified,local
시군구,경기도,동두천시,동두천뉴스,y-ddc.com,verified,local
시군구,부산광역시,동래구,동래공보뉴스,dongnae.kpnnews.org,verified,local
시군구,부산광역시,동래구,동래인터넷신문,placeview.co.kr,verified,local
시군구,서울특별시,동작구,동작신문,thedjnews.com,verified,local
시군구,서울특별시,동작구,dongjaknews.com,dongjaknews.com,verified,local
시군구,강원특별자치도,동해시,동해신문,,p,local
시군구,강원특별자치도,동해시,인터넷신문,,mcst,local
시군구,서울특별시,마포구,마포시민신문,maponews.kr,verified,local
시군구,서울특별시,마포구,마포신문사,maposhinmoon.com,verified,local
시군구,서울특별시,마포구,마포뉴스,play.google.com,verified,local
시군구,서울특별시,마포구,마포타임즈,mapotimes.co.kr,verified,local
시군구,전라남도,목포시,오늘의 뉴스 &lt; 뉴스,mpmbc.co.kr,verified,local
시군구,전라남도,목포시,목포시민신문,mokposm.co.kr,verified,local
시군구,전라남도,목포시,목포투데이,mokpotoday.com,verified,local
시군구,전라남도,목포시,목포뉴스/신안신문(영광뉴스),mokpo.best,verified,local
시군구,전라남도,목포시,뉴스,mokpotimes.com,verified,local
시군구,전라남도,목포시,필터프레스,mokpoabo.kr,verified,local
시군구,전라남도,무안군,무안신문,muannews.com,verified,local
시군구,전라남도,무안군,무안신안뉴스,msonews.co.kr,verified,local
시군구,전라남도,무안군,muantimes.com,muantimes.com,verified,local
시군구,전라남도,무안군,무안군민신문,muangunmin.com,verified,local
시군구,전북특별자치도,무주군,무주신문,mujupaper.com,verified,local
시군구,전북특별자치도,무주군,무주뉴스,mujunews.com,verified,local
시군구,전북특별자치도,무주군,무주공보뉴스,muju.kpnnews.org,verified,local
시군구,전북특별자치도,무주군,전주 일보,muju.grandculture.net,verified,local
시군구,경상북도,문경시,문경신문,,p,local
시군구,경상북도,문경시,인터넷신문,,mcst,local
시군구,인천광역시,미추홀구,경인일보,,metro_fallback,local
시군구,인천광역시,미추홀구,인천일보,,metro_fallback,local
시군구,인천광역시,미추홀구,기호일보,,metro_fallback,local
시군구,경상남도,밀양시,밀양신문,miryang.newsk.com,verified,local
시군구,경상남도,밀양시,밀양시민신문 사무실 전경,miryang.grandculture.net,verified,local
시군구,경상남도,밀양시,밀양시민신문,k-knowledge.kr,verified,local
시군구,충청남도,보령시,보령신문,charmnews.co.kr,verified,local
시군구,충청남도,보령시,보령시장신문,brcity.kr,verified,local
시군구,충청남도,보령시,보령시민신문,brcnews.co.kr,verified,local
시군구,충청남도,보령시,『보령신문』,boryeong.grandculture.net,verified,local
시군구,충청남도,보령시,(주)보령뉴스,boryeongnews.com,verified,local
시군구,충청남도,보령시,보령일보,boryeongilbo.kr,verified,local
시군구,충청남도,보령시,보령타임즈,chamnews.co.kr,verified,local
시군구,충청남도,보령시,보령투데이,todaybr.net,verified,local
시군구,전라남도,보성군,보성신문,boseongnews.co.kr,verified,local
시군구,전라남도,보성군,보성시니어신문,boseong-senior.com,verified,local
시군구,충청북도,보은군,충북일보,,metro_fallback,local
시군구,충청북도,보은군,충청일보,,metro_fallback,local
시군구,충청북도,보은군,동양일보,,metro_fallback,local
시군구,경상북도,봉화군,매일신문,,metro_fallback,local
시군구,경상북도,봉화군,경북일보,,metro_fallback,local
시군구,경상북도,봉화군,경북매일신문,,metro_fallback,local
시군구,부산광역시,부산진구,부산일보,,metro_fallback,local
시군구,부산광역시,부산진구,국제신문,,metro_fallback,local
시군구,부산광역시,부산진구,부산MBC,,metro_fallback,local
시군구,전북특별자치도,부안군,부안인터넷신문,buan114.com,verified,local
시군구,전북특별자치도,부안군,부안뉴스,ibnews.kr,verified,local
시군구,전북특별자치도,부안군,제10회 새만금컵국제요트대회 열려,m.buan.tv,verified,local
시군구,전북특별자치도,부안군,ibuan.com,ibuan.com,verified,local
시군구,전북특별자치도,부안군,사람들,mediabuan.co.kr,verified,local
시군구,전북특별자치도,부안군,시사부안과 어깨 겯고 함께 합니다,ssbuan.com,verified,local
시군구,전북특별자치도,부안군,"“군민과 함께, 군민의 신문으로”",buan.tv,verified,local
시군구,전북특별자치도,부안군,『부안 저널』 전경,buan.grandculture.net,verified,local
시군구,충청남도,부여군,e부여신문,21cbuyeo.co.kr,verified,local
시군구,충청남도,부여군,『e부여신문』 표지,buyeo.grandculture.net,verified,local
시군구,충청남도,부여군,부여투데이,k-knowledge.kr,verified,local
시군구,충청남도,부여군,부여군민신문,bgnews.kr,verified,local
시군구,경기도,부천시,부천신문,bucheonnews.net,verified,local
시군구,경기도,부천시,부천일보,mypuchon.com,verified,local
시군구,경기도,부천시,부천시민신문,bucheon21.com,verified,local
시군구,경기도,부천시,부천뉴스,bucheonnews.co.kr,verified,local
시군구,경기도,부천시,부천일보,bucheon.grandculture.net,verified,local
시군구,경기도,부천시,부천타임즈,bucheontimes.com,verified,local
시군구,경기도,부천시,부천저널,bucheonjournal.com,verified,local
시군구,경기도,부천시,부천매일,bcmaeil.com,verified,local
시군구,인천광역시,부평구,부평신문,,p,local
시군구,인천광역시,부평구,인터넷신문,,mcst,local
시군구,울산광역시,북구,울산매일,,metro_fallback,local
시군구,울산광역시,북구,경상일보,,metro_fallback,local
시군구,울산광역시,북구,울산신문,,metro_fallback,local
시군구,부산광역시,사상구,사상신문,sasangnews.com,verified,local
시군구,경상남도,사천시,사천신문,e4000news.com,verified,local
시군구,부산광역시,사하구,사하신문,sh44.kr,verified,local
시군구,경상남도,산청군,산청인터넷신문,sancheongnews.com,verified,local
시군구,강원특별자치도,삼척시,삼척신문,,p,local
시군구,강원특별자치도,삼척시,인터넷신문,,mcst,local
시군구,경상북도,상주시,상주신문,,p,local
시군구,경상북도,상주시,인터넷신문,,mcst,local
시군구,대전광역시,서구,대전일보,,metro_fallback,local
시군구,대전광역시,서구,충청투데이,,metro_fallback,local
시군구,대전광역시,서구,중도일보,,metro_fallback,local
시군구,서울특별시,서대문구,서대문자치신문,newsjj.net,verified,local
시군구,서울특별시,서대문구,서대문신문,sdmsinmun.com,verified,local
시군구,서울특별시,서대문구,서대문공보뉴스,seodaemun.kpnnews.org,verified,local
시군구,서울특별시,서대문구,서대문 뉴스,thekoreantoday.com,verified,local
시군구,충청남도,서산시,서산신문,seosan.me,verified,local
시군구,충청남도,서산시,서산신문,seosan.grandculture.net,verified,local
시군구,충청남도,서산시,seosannews.com,seosannews.com,verified,local
시군구,충청남도,서산시,서산인터넷뉴스,ssinews.co.kr,verified,local
시군구,충청남도,서산시,서산일보,seosanilbo.kr,verified,local
시군구,충청남도,서산시,서산타임즈,seosantimes.com,verified,local
시군구,충청남도,서산시,seosanpost.co.kr,seosanpost.co.kr,verified,local
시군구,충청남도,서천군,서천신문,seocheon.newsk.com,verified,local
시군구,충청남도,서천군,서천일보,seocheonilbo.kr,verified,local
시군구,충청남도,서천군,서천군미디어센터,seocheonmedia.co.kr,verified,local
시군구,서울특별시,서초구,서초신문,seochonews.com,verified,local
시군구,서울특별시,서초구,서초신문,k-knowledge.kr,verified,local
시군구,서울특별시,서초구,서초뉴스,seochonews.net,verified,local
시군구,서울특별시,서초구,서초타임즈,seochotimes.com,verified,local
시군구,서울특별시,서초구,Home,seochogu.co.kr,verified,local
시군구,서울특별시,서초구,seochosenior.org,seochosenior.org,verified,local
시군구,경기도,성남시,성남신문,snbnews.co.kr,verified,local
시군구,경기도,성남시,성남일보,snilbo.co.kr,verified,local
시군구,경기도,성남시,성남뉴스,snnews.kr,verified,local
시군구,경기도,성남시,성남타임즈,seongnam.grandculture.net,verified,local
시군구,경기도,성남시,성남도시신문,sungnammail.co.kr,verified,local
시군구,경기도,성남시,성남시민신문,snsiminnews.kr,verified,local
시군구,경기도,성남시,성남저널,snjournal.com,verified,local
시군구,서울특별시,성동구,성동신문,sgilbo.kr,verified,local
시군구,서울특별시,성동구,성동저널,seongdongnews.com,verified,local
시군구,서울특별시,성동구,성동일보,chilgok.grandculture.net,verified,local
시군구,서울특별시,성북구,성북신문,k-knowledge.kr,verified,local
시군구,서울특별시,성북구,성북공보뉴스,seongbuk.kpnnews.org,verified,local
시군구,경상북도,성주군,매일신문,,metro_fallback,local
시군구,경상북도,성주군,경북일보,,metro_fallback,local
시군구,경상북도,성주군,경북매일신문,,metro_fallback,local
시군구,강원특별자치도,속초시,설악신문,,bk,local
시군구,강원특별자치도,속초시,인터넷신문,,mcst,local
시군구,서울특별시,송파구,송파신문,songpanews.com,verified,local
시군구,서울특별시,송파구,송파공보뉴스,songpa.kpnnews.org,verified,local
시군구,서울특별시,송파구,송파 뉴스,thekoreantoday.com,verified,local
시군구,서울특별시,송파구,송파타임즈,songpatimes.com,verified,local
시군구,대구광역시,수성구,매일신문,,metro_fallback,local
시군구,대구광역시,수성구,대구신문,,metro_fallback,local
시군구,대구광역시,수성구,대구일보,,metro_fallback,local
시군구,부산광역시,수영구,부산일보,,metro_fallback,local
시군구,부산광역시,수영구,국제신문,,metro_fallback,local
시군구,부산광역시,수영구,부산MBC,,metro_fallback,local
시군구,경기도,수원시,수원신문,suwon.com,verified,local
시군구,경기도,수원시,수원시민신문,urisuwon.com,verified,local
시군구,경기도,수원시,수원뉴스,suwonnews.co.kr,verified,local
시군구,경기도,수원시,수원일보,suwonilbo.kr,verified,local
시군구,경기도,수원시,수원타임즈,k-knowledge.kr,verified,local
시군구,경기도,수원시,수원투데이,suwontoday.com,verified,local
시군구,전북특별자치도,순창군,순창신문,scnp.kr,verified,local
시군구,전북특별자치도,순창군,순창 신문,sunchang.grandculture.net,verified,local
시군구,전북특별자치도,순창군,순창공보뉴스,sunchang.kpnnews.org,verified,local
시군구,전라남도,순천시,순천신문,scnews.kr,verified,local
시군구,전라남도,순천시,순천광장신문,agoranews.kr,verified,local
시군구,전라남도,순천시,순천독립신문,sunchon123.com,verified,local
시군구,경기도,시흥시,시흥신문,shnews.net,verified,local
시군구,경기도,시흥시,시흥시민신문,ssnews.co.kr,verified,local
시군구,경기도,시흥시,시흥신문,siheung.grandculture.net,verified,local
시군구,경기도,시흥시,시흥타임즈,shtimes.kr,verified,local
시군구,전라남도,신안군,신안프레스,moneypin.biz,verified,local
시군구,충청남도,아산시,아산신문,,p,local
시군구,충청남도,아산시,인터넷신문,,mcst,local
시군구,경상북도,안동시,안동뉴스,,p,local
시군구,경상북도,안동시,안동MBC,,p,local
시군구,경상북도,안동시,인터넷신문,,mcst,local
시군구,경기도,안산시,안산신문,ansansm.co.kr,verified,local
시군구,경기도,안산시,안산신문,ansan.grandculture.net,verified,local
시군구,경기도,안산시,안산뉴스,ansannews.co.kr,verified,local
시군구,경기도,안산시,안산인터넷뉴스,asinews.co.kr,verified,local
시군구,경기도,안산시,안산일보,ansanilbo1.com,verified,local
시군구,경기도,안산시,안산타임스,ansantimes.co.kr,verified,local
시군구,경기도,안산시,신문사소개,myansan.co.kr,verified,local
시군구,경기도,안산시,todayansan.co.kr,todayansan.co.kr,verified,local
시군구,경기도,안산시,안산시유압프레스 한길프레스,031-499-4223.zeep.kr,verified,local
시군구,경기도,안산시,안산강서고등학교 인터넷신문,asgshs.com,verified,local
시군구,경기도,안성시,자치안성신문,anseongnews.com,verified,local
시군구,경기도,안성시,안성뉴스,asns.co.kr,verified,local
시군구,경기도,안성시,안성투데이,anseongtoday.co.kr,verified,local
시군구,경기도,안성시,안성복지신문,bww.co.kr,verified,local
시군구,경기도,안양시,안양신문,anyangnews.co.kr,verified,local
시군구,경기도,안양시,anyangnews.net,anyangnews.net,verified,local
시군구,경기도,안양시,안양신문,xn--z92b13l12bmi.com,verified,local
시군구,경기도,안양시,안양시민신문,aynews.co.kr,verified,local
시군구,강원특별자치도,양구군,강원일보,,metro_fallback,local
시군구,강원특별자치도,양구군,강원도민일보,,metro_fallback,local
시군구,강원특별자치도,양구군,설악신문,,metro_fallback,local
시군구,경상남도,양산시,양산신문,yangsanilbo.com,verified,local
시군구,경상남도,양산시,양산신문사 전경,yangsan.grandculture.net,verified,local
시군구,경상남도,양산시,양산시민신문,ysnews.co.kr,verified,local
시군구,강원특별자치도,양양군,강원일보,,metro_fallback,local
시군구,강원특별자치도,양양군,강원도민일보,,metro_fallback,local
시군구,강원특별자치도,양양군,설악신문,,metro_fallback,local
시군구,경기도,양주시,양주신문,yangju.grandculture.net,verified,local
시군구,서울특별시,양천구,양천신문,ycnews.kr,verified,local
시군구,경기도,양평군,양평백운신문,ypnews.kr,verified,local
시군구,경기도,양평군,양평공보뉴스,yangpyeong.kpnnews.org,verified,local
시군구,전라남도,여수시,여수신문,yeosunews.net,verified,local
시군구,전라남도,여수시,여수신문,yeosu.grandculture.net,verified,local
시군구,전라남도,여수시,여수뉴스,xn--vg1bp01abmaj2i.kr,verified,local
시군구,전라남도,여수시,여수뉴스타임즈,ysnewstimes.com,verified,local
시군구,전라남도,여수시,여수타임스,yeosutimes.com,verified,local
시군구,전라남도,여수시,여수타임즈,ystimes.kr,verified,local
시군구,전라남도,여수시,여수투데이,ystdnews.com,verified,local
시군구,전라남도,여수시,여수미디어,yeosumedia.com,verified,local
시군구,전라남도,여수시,여수시민신문,114.co.kr,verified,local
시군구,전라남도,여수시,여수 상공 저널,yeosucci.korcham.net,verified,local
시군구,경기도,여주시,여주신문,yeojunews.co.kr,verified,local
시군구,경기도,여주시,여주공보뉴스,yeoju.kpnnews.org,verified,local
시군구,경기도,여주시,여주뉴스,mediareport.co.kr,verified,local
시군구,경기도,여주시,여주뉴스,joongboo.com,verified,local
시군구,경기도,여주시,여주투데이,yeojutoday.com,verified,local
시군구,경기도,여주시,여주시민신문,114.co.kr,verified,local
시군구,경기도,여주시,여주시민신문,k-knowledge.kr,verified,local
시군구,경기도,여주시,여주저널,yeojujournal.com,verified,local
시군구,인천광역시,연수구,경인일보,,metro_fallback,local
시군구,인천광역시,연수구,인천일보,,metro_fallback,local
시군구,인천광역시,연수구,기호일보,,metro_fallback,local
시군구,부산광역시,연제구,부산일보,,metro_fallback,local
시군구,부산광역시,연제구,국제신문,,metro_fallback,local
시군구,부산광역시,연제구,부산MBC,,metro_fallback,local
시군구,경기도,연천군,연천신문,yc-news.com,verified,local
시군구,경기도,연천군,연천뉴스,yeoncheonnews.com,verified,local
시군구,경기도,연천군,연천저널,114.co.kr,verified,local
시군구,전라남도,영광군,영광신문,ygnews.co.kr,verified,local
시군구,전라남도,영광군,영광군민신문,ygweekly.com,verified,local
시군구,전라남도,영광군,영광함평장성인터넷뉴스,yhinews.com,verified,local
시군구,전라남도,영광군,영광저널,ygjournal.com,verified,local
시군구,경상북도,영덕군,매일신문,,metro_fallback,local
시군구,경상북도,영덕군,경북일보,,metro_fallback,local
시군구,경상북도,영덕군,경북매일신문,,metro_fallback,local
시군구,부산광역시,영도구,부산일보,,metro_fallback,local
시군구,부산광역시,영도구,국제신문,,metro_fallback,local
시군구,부산광역시,영도구,부산MBC,,metro_fallback,local
시군구,충청북도,영동군,충북일보,,metro_fallback,local
시군구,충청북도,영동군,충청일보,,metro_fallback,local
시군구,충청북도,영동군,동양일보,,metro_fallback,local
시군구,서울특별시,영등포구,영등포신문,ybstv.net,verified,local
시군구,서울특별시,영등포구,영등포투데이,ydptoday.com,verified,local
시군구,서울특별시,영등포구,영등포 소비자저널,ydpcj.kr,verified,local
시군구,전라남도,영암군,영암신문,yasinmoon.com,verified,local
시군구,전라남도,영암군,영암 신문사,yeongam.grandculture.net,verified,local
시군구,전라남도,영암군,영암공보뉴스,yeongam.kpnnews.org,verified,local
시군구,전라남도,영암군,영암일보,yailbo.com,verified,local
시군구,전라남도,영암군,영암군민일보,xn--6e0bx9yjva78vyyac9d.kr,verified,local
시군구,전라남도,영암군,영암군민신문,yanews.net,verified,local
시군구,경상북도,영양군,매일신문,,metro_fallback,local
시군구,경상북도,영양군,경북일보,,metro_fallback,local
시군구,경상북도,영양군,경북매일신문,,metro_fallback,local
시군구,강원특별자치도,영월군,영월신문,,p,local
시군구,강원특별자치도,영월군,인터넷신문,,mcst,local
시군구,경상북도,영주시,영주시민신문,,bk,local
시군구,경상북도,영주시,인터넷신문,,mcst,local
시군구,경상북도,영천시,영천신문,,p,local
시군구,경상북도,영천시,인터넷신문,,mcst,local
시군구,충청남도,예산군,예산신문,,p,local
시군구,충청남도,예산군,인터넷신문,,mcst,local
시군구,경상북도,예천군,예천신문,,p,local
시군구,경상북도,예천군,인터넷신문,,mcst,local
시군구,경기도,오산시,오산일보,osanilbo.com,verified,local
시군구,경기도,오산시,오산시민신문,osannews.net,verified,local
시군구,경기도,오산시,회사소개,osannews.co.kr,verified,local
시군구,경기도,오산시,오산인터넷뉴스,osinews.co.kr,verified,local
시군구,경기도,오산시,인터넷 신문 오산인포커스 창간,osanin4news.com,verified,local
시군구,충청북도,옥천군,옥천신문,,p,local
시군구,충청북도,옥천군,인터넷신문,,mcst,local
시군구,인천광역시,옹진군,옹진일보,ongjinilbo.co.kr,verified,local
시군구,전라남도,완도군,완도신문,wandonews.com,verified,local
시군구,전라남도,완도군,완도신문 님의 뉴스,ohmynews.com,verified,local
시군구,전라남도,완도군,완도뉴스,wandoreport.com,verified,local
시군구,전라남도,완도군,완도군민신문,wandostory.net,verified,local
시군구,전라남도,완도군,wandolive.com,wandolive.com,verified,local
시군구,전라남도,완도군,wandonews.kr,wandonews.kr,verified,local
시군구,전북특별자치도,완주군,완주신문,wj1news.com,verified,local
시군구,전북특별자치도,완주군,완주미디어센터,wanjumediacenter.kr,verified,local
시군구,전북특별자치도,완주군,완주전주신문,wjgm.co.kr,verified,local
시군구,서울특별시,용산구,용산 타임즈,yongsannews.com,verified,local
시군구,경기도,용인시,용인신문,yonginilbo.com,verified,local
시군구,경기도,용인시,용인시민신문,yongin21.co.kr,verified,local
시군구,경기도,용인시,용인뉴스,yonginnews.net,verified,local
시군구,경기도,용인시,용인뉴스,yiinews.com,verified,local
시군구,경기도,용인시,용인일보,yonginilbo.co.kr,verified,local
시군구,경기도,용인시,『용인시민신문』(구),yongin.grandculture.net,verified,local
시군구,경상북도,울릉군,매일신문,,metro_fallback,local
시군구,경상북도,울릉군,경북일보,,metro_fallback,local
시군구,경상북도,울릉군,경북매일신문,,metro_fallback,local
시군구,울산광역시,울주군,울주신문,m.uljusinmun.co.kr,verified,local
시군구,경상북도,울진군,울진신문,uljinnews.co.kr,verified,local
시군구,경상북도,울진군,빠른뉴스! 울진뉴스,uljinnews.com,verified,local
시군구,경상북도,울진군,울진투데이,uljintoday.com,verified,local
시군구,경상북도,울진군,울진일보,uljinilbo.co.kr,verified,local
시군구,경상북도,울진군,울진타임즈,uljintimes.co.kr,verified,local
시군구,경상북도,울진군,m.uljintimes.co.kr,m.uljintimes.co.kr,verified,local
시군구,경상북도,울진군,울진타임즈,uljin.grandculture.net,verified,local
시군구,강원특별자치도,원주시,원주투데이,,p,local
시군구,강원특별자치도,원주시,원주MBC,,p,local
시군구,강원특별자치도,원주시,인터넷신문,,mcst,local
시군구,대전광역시,유성구,대전일보,,metro_fallback,local
시군구,대전광역시,유성구,충청투데이,,metro_fallback,local
시군구,대전광역시,유성구,중도일보,,metro_fallback,local
시군구,서울특별시,은평구,은평구의 중심! 은평신문,ieps.co.kr,verified,local
시군구,서울특별시,은평구,은평타임즈,eptimes.co.kr,verified,local
시군구,충청북도,음성군,충북일보,,metro_fallback,local
시군구,충청북도,음성군,충청일보,,metro_fallback,local
시군구,충청북도,음성군,동양일보,,metro_fallback,local
시군구,경상남도,의령군,의령신문,urnews.co.kr,verified,local
시군구,경상남도,의령군,의령군민신문,urgmnews.com,verified,local
시군구,경상남도,의령군,의령뉴스,xn--vg1bk3iw4jsze.kr,verified,local
시군구,경상북도,의성군,의성신문,114.co.kr,verified,local
시군구,경상북도,의성군,『의성 신문』 제479호 1면,uiseong.grandculture.net,verified,local
시군구,경상북도,의성군,의성인터넷신문,k-knowledge.kr,verified,local
시군구,경기도,의왕시,의왕신문,xn--z92b13l31cu3a.com,verified,local
시군구,경기도,의왕시,의왕신문,newsv.kr,verified,local
시군구,경기도,의왕시,uiwangmedia.com,uiwangmedia.com,verified,local
시군구,경기도,의정부시,의정부뉴스,ujbnews.kr,verified,local
시군구,경기도,의정부시,의정부인터넷뉴스,yangju.grandculture.net,verified,local
시군구,경기도,이천시,이천신문,ic119.co.kr,verified,local
시군구,경기도,이천시,이천설봉신문,2000news.com,verified,local
시군구,경기도,이천시,이천뉴스,2000news.co.kr,verified,local
시군구,경기도,이천시,이천일보,2000ib.com,verified,local
시군구,경기도,이천시,이천저널,2000n.net,verified,local
시군구,전북특별자치도,익산시,익산신문,iksannews.com,verified,local
시군구,전북특별자치도,익산시,익산신문,iksan.grandculture.net,verified,local
시군구,전북특별자치도,익산시,m.iksannews.com,m.iksannews.com,verified,local
시군구,전북특별자치도,익산시,iksanopennews.com,iksanopennews.com,verified,local
시군구,전북특별자치도,익산시,익산투데이,k-knowledge.kr,verified,local
시군구,강원특별자치도,인제군,강원일보,,metro_fallback,local
시군구,강원특별자치도,인제군,강원도민일보,,metro_fallback,local
시군구,강원특별자치도,인제군,설악신문,,metro_fallback,local
시군구,전북특별자치도,임실군,임순남뉴스,imsil.tv,verified,local
시군구,전북특별자치도,임실군,임실뉴스,114.co.kr,verified,local
시군구,전라남도,장성군,장성뉴스,jsinews.com,verified,local
시군구,전라남도,장성군,장성인뉴스,newsinjs.com,verified,local
시군구,전라남도,장성군,장성투데이,jstnews.co.kr,verified,local
시군구,전북특별자치도,장수군,장수신문,jangsunews.co.kr,verified,local
시군구,전북특별자치도,장수군,장수공보뉴스,jangsu.kpnnews.org,verified,local
시군구,전북특별자치도,장수군,m.shjangsu.com,m.shjangsu.com,verified,local
시군구,전북특별자치도,장수군,shjangsu.com,shjangsu.com,verified,local
시군구,전라남도,장흥군,장흥신문,jhnews.co.kr,verified,local
시군구,전라남도,장흥군,장흥공보뉴스,jangheung.kpnnews.org,verified,local
시군구,전라남도,장흥군,장흥투데이,jhtoday.net,verified,local
시군구,전북특별자치도,전주시,전주일보,jjilbo.com,verified,local
시군구,전북특별자치도,전주시,전주시민신문,jj1news.com,verified,local
시군구,전북특별자치도,전주시,전주매일,jjmaeil.com,verified,local
시군구,강원특별자치도,정선군,정선신문,,p,local
시군구,강원특별자치도,정선군,인터넷신문,,mcst,local
시군구,전북특별자치도,정읍시,정읍신문,jnewsk.com,verified,local
시군구,전북특별자치도,정읍시,『정읍신문』,jeongeup.grandculture.net,verified,local
시군구,전북특별자치도,정읍시,정읍포털신문,ejeongeup.kr,verified,local
시군구,전북특별자치도,정읍시,정읍공보뉴스,jeongeup.kpnnews.org,verified,local
시군구,전북특별자치도,정읍시,정읍투데이,jetoday.net,verified,local
시군구,충청북도,제천시,제천신문,,p,local
시군구,충청북도,제천시,인터넷신문,,mcst,local
시군구,서울특별시,종로구,종로신문,k-knowledge.kr,verified,local
시군구,서울특별시,종로구,종로 뉴스,thekoreantoday.com,verified,local
시군구,서울특별시,종로구,종로공보뉴스,jongno.kpnnews.org,verified,local
시군구,서울특별시,종로구,종로타임즈,moneypin.biz,verified,local
시군구,서울특별시,종로구,jongnonews.com,jongnonews.com,verified,local
시군구,울산광역시,중구,중구신문,junggunews.com,verified,local
시군구,울산광역시,중구,junggu.seoul.kr,junggu.seoul.kr,verified,local
시군구,서울특별시,중랑구,중랑신문,jungnangnews.kr,verified,local
시군구,충청북도,증평군,충북일보,,metro_fallback,local
시군구,충청북도,증평군,충청일보,,metro_fallback,local
시군구,충청북도,증평군,동양일보,,metro_fallback,local
시군구,전라남도,진도군,진도신문,jindosinmun.co.kr,verified,local
시군구,전라남도,진도군,진도공보뉴스,jindo.kpnnews.org,verified,local
시군구,전라남도,진도군,진도투데이닷컴,jindotoday.com,verified,local
시군구,전라남도,진도군,더 타임즈 진도,thetimesjindo.com,verified,local
시군구,전북특별자치도,진안군,진안신문,janews.co.kr,verified,local
시군구,전북특별자치도,진안군,진안 신문,jinan.grandculture.net,verified,local
시군구,전북특별자치도,진안군,진안공보뉴스,jinan.kpnnews.org,verified,local
시군구,전북특별자치도,진안군,진안뉴스,mjjnews.net,verified,local
시군구,경상남도,진주시,진주신문,newsjinju.kr,verified,local
시군구,경상남도,진주시,진주뉴스,jinjutv.com,verified,local
시군구,경상남도,진주시,진주인터넷뉴스JINJU NEWS,jinju.news,verified,local
시군구,경상남도,진주시,진주인터넷뉴스,band.us,verified,local
시군구,충청북도,진천군,진천신문,,p,local
시군구,충청북도,진천군,인터넷신문,,mcst,local
시군구,경상남도,창녕군,창녕신문,icnnews.kr,verified,local
시군구,경상남도,창원시,창원일보,changwonilbo.com,verified,local
시군구,경상남도,창원시,분야별기사,m.changwonilbo.com,verified,local
시군구,경상남도,창원시,거창 군민 신문,changwon.grandculture.net,verified,local
시군구,충청남도,천안시,천안신문,,p,local
시군구,충청남도,천안시,인터넷신문,,mcst,local
시군구,강원특별자치도,철원군,철원신문,,p,local
시군구,강원특별자치도,철원군,인터넷신문,,mcst,local
시군구,경상북도,청도군,청도신문,chdnews.com,verified,local
시군구,경상북도,청도군,청도 신문,cheongdo.grandculture.net,verified,local
시군구,경상북도,청도군,청도인터넷뉴스,cdinews.co.kr,verified,local
시군구,경상북도,청도군,청도투데이,cdtoday.net,verified,local
시군구,경상북도,청송군,청송군민신문,cheongsongnews.co.kr,verified,local
시군구,충청남도,청양군,충청투데이,,metro_fallback,local
시군구,충청남도,청양군,대전일보,,metro_fallback,local
시군구,충청남도,청양군,금강일보,,metro_fallback,local
시군구,충청북도,청주시,충청리뷰,,p,local
시군구,충청북도,청주시,CJB청주방송,,p,local
시군구,충청북도,청주시,인터넷신문,,mcst,local
시군구,강원특별자치도,춘천시,춘천사람들,,p,local
시군구,강원특별자치도,춘천시,인터넷신문,,mcst,local
시군구,충청북도,충주시,충주신문,,p,local
시군구,충청북도,충주시,인터넷신문,,mcst,local
시군구,경상북도,칠곡군,칠곡신문,ismartnews.com,verified,local
시군구,경상북도,칠곡군,「칠곡신문」,chilgok.grandculture.net,verified,local
시군구,경상북도,칠곡군,칠곡 신문,grandculture.net,verified,local
시군구,경상북도,칠곡군,칠곡인터넷뉴스,cginews.net,verified,local
시군구,경상북도,칠곡군,칠곡군민신문,cginews.co.kr,verified,local
시군구,강원특별자치도,태백시,태백신문,,p,local
시군구,강원특별자치도,태백시,인터넷신문,,mcst,local
시군구,충청남도,태안군,태안신문,,p,local
시군구,충청남도,태안군,인터넷신문,,mcst,local
시군구,경상남도,통영시,통영신문,tynewspaper.co.kr,verified,local
시군구,경상남도,통영시,통영뉴스,tynp.com,verified,local
시군구,경기도,파주시,파주일보,pajui.co.kr,verified,local
시군구,경기도,파주시,gninews.co.kr,gninews.co.kr,verified,local
시군구,경기도,파주시,파주신문,pajunews.co.kr,verified,local
시군구,경기도,파주시,파주에서신문,atpaju.com,verified,local
시군구,경기도,파주시,파주타임스,pajutimes.com,verified,local
시군구,경기도,파주시,goyangpajutoday.co.kr,goyangpajutoday.co.kr,verified,local
시군구,경기도,파주시,파주 &gt; 정치 시민신문,citizennews.co.kr,verified,local
시군구,경기도,파주시,시민연합신문,pajuilbo.com,verified,local
시군구,경기도,파주시,파주저널,pjjn.co.kr,verified,local
시군구,강원특별자치도,평창군,평창신문,,p,local
시군구,강원특별자치도,평창군,인터넷신문,,mcst,local
시군구,경기도,평택시,평택신문,iptnews.kr,verified,local
시군구,경기도,평택시,평택시사신문,ptsisa.com,verified,local
시군구,경기도,평택시,평택뉴스타임즈,ptnewstimes.com,verified,local
시군구,경기도,평택시,평택시민신문,pttimes.com,verified,local
시군구,경기도,포천시,포천신문,ipcs21.com,verified,local
시군구,경기도,포천시,포천 신문사,pocheon.grandculture.net,verified,local
시군구,경기도,포천시,포천 뉴스,pcnt.kr,verified,local
시군구,경기도,포천시,포천일보,pcib21.com,verified,local
시군구,경기도,포천시,포천매일뉴스,pcmn.kr,verified,local
시군구,경상북도,포항시,포항신문,phnews.co.kr,verified,local
시군구,경상북도,포항시,포항시민신문,phsmnews.com,verified,local
시군구,경상북도,포항시,포항일보,kbtilbo.com,verified,local
시군구,경기도,하남시,하남신문,ehanam.net,verified,local
시군구,경기도,하남시,하남일보,hanamilbo.net,verified,local
시군구,경기도,하남시,하남뉴스,mediamap.co.kr,verified,local
시군구,경기도,하남시,하남 Times,hanamtimes.com,verified,local
시군구,경기도,하남시,하남포털 아리하남 하남타임즈,arihanam.com,verified,local
시군구,경기도,하남시,hanamsiminnews.co.kr,hanamsiminnews.co.kr,verified,local
시군구,경기도,하남시,하남양평매일뉴스,ypdn.co.kr,verified,local
시군구,경상남도,하동군,하동신문,hadongsinmoon.com,verified,local
시군구,경상남도,하동군,하동정론신문,hadong.grandculture.net,verified,local
시군구,경상남도,하동군,하동뉴스,hadongnews.co.kr,verified,local
시군구,경상남도,하동군,하동타임즈,hadongtimes.com,verified,local
시군구,경상남도,하동군,하동미디어,carmap.co.kr,verified,local
시군구,경상남도,하동군,남고홍매실,hadonggol.com,verified,local
시군구,경상남도,함안군,함안인터넷신문,hanews.co.kr,verified,local
시군구,경상남도,함안군,함안 군민 신문,haman.grandculture.net,verified,local
시군구,경상남도,함안군,함안뉴스,hamannews.kr,verified,local
시군구,경상남도,함안군,인사말 &lt; 안내데스크,hamanna.kr,verified,local
시군구,경상남도,함양군,hamyangnews.com,hamyangnews.com,verified,local
시군구,경상남도,함양군,함양신문,hamyang.grandculture.net,verified,local
시군구,경상남도,함양군,함양타임즈,m.hytimes.co.kr,verified,local
시군구,경상남도,함양군,함양산청투데이,hytoday.kr,verified,local
시군구,경상남도,함양군,함양군민신문,hygn.co.kr,verified,local
시군구,경상남도,함양군,함양인터넷뉴스,hyinews.com,verified,local
시군구,전라남도,함평군,함평신문,hpnews.kr,verified,local
시군구,전라남도,함평군,함평군민신문,hppnews.com,verified,local
시군구,전라남도,함평군,함평타임즈,hptimes.kr,verified,local
시군구,경상남도,합천군,합천일보,hapcheonilbo.com,verified,local
시군구,경상남도,합천군,합천 뉴스,hc00.com,verified,local
시군구,경상남도,합천군,합천인터넷뉴스,hcinews.asia,verified,local
시군구,전라남도,해남군,해남뉴스,hbcnews.kr,verified,local
시군구,전라남도,해남군,해남신문,hnews.co.kr,verified,local
시군구,전라남도,해남군,해남군민신문,hnsori.co.kr,verified,local
시군구,전라남도,해남군,해남신문,haenam.grandculture.net,verified,local
시군구,부산광역시,해운대구,해운대신문,,p,local
시군구,부산광역시,해운대구,인터넷신문,,mcst,local
시군구,충청남도,홍성군,홍성신문,,bk,local
시군구,충청남도,홍성군,인터넷신문,,mcst,local
시군구,강원특별자치도,홍천군,홍천뉴스,,p,local
시군구,강원특별자치도,홍천군,인터넷신문,,mcst,local
시군구,경기도,화성시,화성신문,ihsnews.com,verified,local
시군구,경기도,화성시,화성인터넷신문,hsinews.com,verified,local
시군구,경기도,화성시,화성뉴스,hwaseong.grandculture.net,verified,local
시군구,경기도,화성시,화성일보,hsnews.kr,verified,local
시군구,경기도,화성시,화성시민신문,hspublicpress.com,verified,local
시군구,경기도,화성시,화성타임즈,hstimes.kr,verified,local
시군구,경기도,화성시,화성투데이,hstodays.com,verified,local
시군구,경기도,화성시,화성시민신문 님의 뉴스,ohmynews.com,verified,local
시군구,경기도,화성시,화성저널,hsj.co.kr,verified,local
시군구,전라남도,화순군,화순일보,hwasun1.com,verified,local
시군구,전라남도,화순군,전체뉴스,hwasunnews.co.kr,verified,local
시군구,전라남도,화순군,화순매일신문,hsmaeil.co.kr,verified,local
시군구,전라남도,화순군,화순뉴스,hwasuntimes.com,verified,local
시군구,전라남도,화순군,디지탈 화순 뉴스,hwasun.grandculture.net,verified,local
시군구,전라남도,화순군,화순투데이,injournal.net,verified,local
시군구,전라남도,화순군,화순저널,hsjn.co.kr,verified,local
시군구,강원특별자치도,화천군,강원일보,,metro_fallback,local
시군구,강원특별자치도,화천군,강원도민일보,,metro_fallback,local
시군구,강원특별자치도,화천군,설악신문,,metro_fallback,local
시군구,강원특별자치도,횡성군,강원일보,,metro_fallback,local
시군구,강원특별자치도,횡성군,강원도민일보,,metro_fallback,local
시군구,강원특별자치도,횡성군,설악신문,,metro_fallback,local
